<?xml version="1.0" encoding="UTF-8"?>
<gpx xmlns="http://www.topografix.com/GPX/1/1" xmlns:gpxtpx="http://www.garmin.com/xmlschemas/TrackPointExtension/v1" xmlns:xsi="http://www.w3.org/2001/XMLSchema-instance" xsi:schemaLocation="http://www.topografix.com/GPX/1/1 http://www.topografix.com/GPX/1/1/gpx.xsd" version="1.1" creator="gpx.py -- https://github.com/tkrajina/gpxpy">
  <trk>
    <name>gpx from keep</name>
    <type>Run</type>
    <trkseg>
      <trkpt lat="30.492485620501274" lon="114.42306983594504">
        <ele>-87.0</ele>
        <time>2026-09-18T00:17:20Z</time>
        <extensions>
          <gpxtpx:TrackPointExtension>
            <gpxtpx:hr>159</gpxtpx:hr>
          </gpxtpx:TrackPointExtension>
        </extensions>
      </trkpt>
      <trkpt lat="30.492470749195693" lon="114.42317602786227">
        <ele>-87.0</ele>
        <time>2026-09-18T00:17:23Z</time>
        <extensions>
          <gpxtpx:TrackPointExtension>
            <gpxtpx:hr>164</gpxtpx:hr>
          </gpxtpx:TrackPointExtension>
        </extensions>
      </trkpt>
      <trkpt lat="30.492443039502145" lon="114.42341546209666">
        <ele>-87.0</ele>
        <time>2026-09-18T00:17:29Z</time>
        <extensions>
          <gpxtpx:TrackPointExtension>
            <gpxtpx:hr>163</gpxtpx:hr>
          </gpxtpx:TrackPointExtension>
        </extensions>
      </trkpt>
      <trkpt lat="30.492430200203135" lon="114.4235477029103">
        <ele>-87.0</ele>
        <time>2026-09-18T00:17:32Z</time>
        <extensions>
          <gpxtpx:TrackPointExtension>
            <gpxtpx:hr>159</gpxtpx:hr>
          </gpxtpx:TrackPointExtension>
        </extensions>
      </trkpt>
      <trkpt lat="30.492416370336283" lon="114.42368695744342">
        <ele>-87.0</ele>
        <time>2026-09-18T00:17:35Z</time>
        <extensions>
          <gpxtpx:TrackPointExtension>
            <gpxtpx:hr>149</gpxtpx:hr>
          </gpxtpx:TrackPointExtension>
        </extensions>
      </trkpt>
      <trkpt lat="30.492400544291588" lon="114.42382821676104">
        <ele>-87.0</ele>
        <time>2026-09-18T00:17:38Z</time>
        <extensions>
          <gpxtpx:TrackPointExtension>
            <gpxtpx:hr>149</gpxtpx:hr>
          </gpxtpx:TrackPointExtension>
        </extensions>
      </trkpt>
      <trkpt lat="30.49238171754888" lon="114.42396747363233">
        <ele>-87.0</ele>
        <time>2026-09-18T00:17:41Z</time>
        <extensions>
          <gpxtpx:TrackPointExtension>
            <gpxtpx:hr>151</gpxtpx:hr>
          </gpxtpx:TrackPointExtension>
        </extensions>
      </trkpt>
      <trkpt lat="30.49236088856902" lon="114.42410372608273">
        <ele>-87.0</ele>
        <time>2026-09-18T00:17:44Z</time>
        <extensions>
          <gpxtpx:TrackPointExtension>
            <gpxtpx:hr>152</gpxtpx:hr>
          </gpxtpx:TrackPointExtension>
        </extensions>
      </trkpt>
      <trkpt lat="30.492336048093797" lon="114.42422895940616">
        <ele>-87.0</ele>
        <time>2026-09-18T00:17:47Z</time>
        <extensions>
          <gpxtpx:TrackPointExtension>
            <gpxtpx:hr>154</gpxtpx:hr>
          </gpxtpx:TrackPointExtension>
        </extensions>
      </trkpt>
      <trkpt lat="30.492311192347128" lon="114.4243411693375">
        <ele>-87.0</ele>
        <time>2026-09-18T00:17:50Z</time>
        <extensions>
          <gpxtpx:TrackPointExtension>
            <gpxtpx:hr>155</gpxtpx:hr>
          </gpxtpx:TrackPointExtension>
        </extensions>
      </trkpt>
      <trkpt lat="30.492284318017468" lon="114.4244373502498">
        <ele>-87.0</ele>
        <time>2026-09-18T00:17:53Z</time>
        <extensions>
          <gpxtpx:TrackPointExtension>
            <gpxtpx:hr>162</gpxtpx:hr>
          </gpxtpx:TrackPointExtension>
        </extensions>
      </trkpt>
      <trkpt lat="30.492266422997027" lon="114.42451850282814">
        <ele>-87.0</ele>
        <time>2026-09-18T00:17:56Z</time>
        <extensions>
          <gpxtpx:TrackPointExtension>
            <gpxtpx:hr>164</gpxtpx:hr>
          </gpxtpx:TrackPointExtension>
        </extensions>
      </trkpt>
      <trkpt lat="30.492257507127913" lon="114.42458462689478">
        <ele>-87.0</ele>
        <time>2026-09-18T00:17:59Z</time>
        <extensions>
          <gpxtpx:TrackPointExtension>
            <gpxtpx:hr>165</gpxtpx:hr>
          </gpxtpx:TrackPointExtension>
        </extensions>
      </trkpt>
      <trkpt lat="30.492351731076454" lon="114.42478699736371">
        <ele>-86.0</ele>
        <time>2026-09-18T00:18:14Z</time>
        <extensions>
          <gpxtpx:TrackPointExtension>
            <gpxtpx:hr>163</gpxtpx:hr>
          </gpxtpx:TrackPointExtension>
        </extensions>
      </trkpt>
      <trkpt lat="30.492421767187828" lon="114.42483207589896">
        <ele>-86.0</ele>
        <time>2026-09-18T00:18:20Z</time>
        <extensions>
          <gpxtpx:TrackPointExtension>
            <gpxtpx:hr>163</gpxtpx:hr>
          </gpxtpx:TrackPointExtension>
        </extensions>
      </trkpt>
      <trkpt lat="30.49245878407857" lon="114.42485411408835">
        <ele>-86.0</ele>
        <time>2026-09-18T00:18:23Z</time>
        <extensions>
          <gpxtpx:TrackPointExtension>
            <gpxtpx:hr>162</gpxtpx:hr>
          </gpxtpx:TrackPointExtension>
        </extensions>
      </trkpt>
      <trkpt lat="30.4925007970602" lon="114.42487414809925">
        <ele>-86.0</ele>
        <time>2026-09-18T00:18:26Z</time>
        <extensions>
          <gpxtpx:TrackPointExtension>
            <gpxtpx:hr>157</gpxtpx:hr>
          </gpxtpx:TrackPointExtension>
        </extensions>
      </trkpt>
      <trkpt lat="30.49254780487641" lon="114.42489117604134">
        <ele>-85.0</ele>
        <time>2026-09-18T00:18:29Z</time>
        <extensions>
          <gpxtpx:TrackPointExtension>
            <gpxtpx:hr>155</gpxtpx:hr>
          </gpxtpx:TrackPointExtension>
        </extensions>
      </trkpt>
      <trkpt lat="30.492599808770958" lon="114.42490619979236">
        <ele>-85.0</ele>
        <time>2026-09-18T00:18:32Z</time>
        <extensions>
          <gpxtpx:TrackPointExtension>
            <gpxtpx:hr>154</gpxtpx:hr>
          </gpxtpx:TrackPointExtension>
        </extensions>
      </trkpt>
      <trkpt lat="30.4926558115286" lon="114.42492122320654">
        <ele>-85.0</ele>
        <time>2026-09-18T00:18:35Z</time>
        <extensions>
          <gpxtpx:TrackPointExtension>
            <gpxtpx:hr>154</gpxtpx:hr>
          </gpxtpx:TrackPointExtension>
        </extensions>
      </trkpt>
      <trkpt lat="30.492714814687144" lon="114.4249372482575">
        <ele>-85.0</ele>
        <time>2026-09-18T00:18:38Z</time>
        <extensions>
          <gpxtpx:TrackPointExtension>
            <gpxtpx:hr>152</gpxtpx:hr>
          </gpxtpx:TrackPointExtension>
        </extensions>
      </trkpt>
      <trkpt lat="30.49277781545574" lon="114.42495227108573">
        <ele>-85.0</ele>
        <time>2026-09-18T00:18:41Z</time>
        <extensions>
          <gpxtpx:TrackPointExtension>
            <gpxtpx:hr>152</gpxtpx:hr>
          </gpxtpx:TrackPointExtension>
        </extensions>
      </trkpt>
      <trkpt lat="30.492843816625363" lon="114.42496829555225">
        <ele>-84.0</ele>
        <time>2026-09-18T00:18:44Z</time>
        <extensions>
          <gpxtpx:TrackPointExtension>
            <gpxtpx:hr>154</gpxtpx:hr>
          </gpxtpx:TrackPointExtension>
        </extensions>
      </trkpt>
      <trkpt lat="30.492903825792176" lon="114.42498932999833">
        <ele>-84.0</ele>
        <time>2026-09-18T00:18:47Z</time>
        <extensions>
          <gpxtpx:TrackPointExtension>
            <gpxtpx:hr>152</gpxtpx:hr>
          </gpxtpx:TrackPointExtension>
        </extensions>
      </trkpt>
      <trkpt lat="30.492959842398303" lon="114.42501537426541">
        <ele>-84.0</ele>
        <time>2026-09-18T00:18:50Z</time>
        <extensions>
          <gpxtpx:TrackPointExtension>
            <gpxtpx:hr>152</gpxtpx:hr>
          </gpxtpx:TrackPointExtension>
        </extensions>
      </trkpt>
      <trkpt lat="30.493009867033983" lon="114.42504642854634">
        <ele>-84.0</ele>
        <time>2026-09-18T00:18:53Z</time>
        <extensions>
          <gpxtpx:TrackPointExtension>
            <gpxtpx:hr>152</gpxtpx:hr>
          </gpxtpx:TrackPointExtension>
        </extensions>
      </trkpt>
      <trkpt lat="30.49305689634369" lon="114.4250804888155">
        <ele>-84.0</ele>
        <time>2026-09-18T00:18:56Z</time>
        <extensions>
          <gpxtpx:TrackPointExtension>
            <gpxtpx:hr>150</gpxtpx:hr>
          </gpxtpx:TrackPointExtension>
        </extensions>
      </trkpt>
      <trkpt lat="30.493099931887777" lon="114.42511855707015">
        <ele>-84.0</ele>
        <time>2026-09-18T00:18:59Z</time>
        <extensions>
          <gpxtpx:TrackPointExtension>
            <gpxtpx:hr>152</gpxtpx:hr>
          </gpxtpx:TrackPointExtension>
        </extensions>
      </trkpt>
      <trkpt lat="30.493352155766924" lon="114.42535298003273">
        <ele>-83.0</ele>
        <time>2026-09-18T00:19:17Z</time>
        <extensions>
          <gpxtpx:TrackPointExtension>
            <gpxtpx:hr>154</gpxtpx:hr>
          </gpxtpx:TrackPointExtension>
        </extensions>
      </trkpt>
      <trkpt lat="30.49340218210662" lon="114.42538503672945">
        <ele>-82.0</ele>
        <time>2026-09-18T00:19:20Z</time>
        <extensions>
          <gpxtpx:TrackPointExtension>
            <gpxtpx:hr>154</gpxtpx:hr>
          </gpxtpx:TrackPointExtension>
        </extensions>
      </trkpt>
      <trkpt lat="30.493503223155145" lon="114.4254401329836">
        <ele>-82.0</ele>
        <time>2026-09-18T00:19:26Z</time>
        <extensions>
          <gpxtpx:TrackPointExtension>
            <gpxtpx:hr>161</gpxtpx:hr>
          </gpxtpx:TrackPointExtension>
        </extensions>
      </trkpt>
      <trkpt lat="30.493554239117667" lon="114.42546417442915">
        <ele>-82.0</ele>
        <time>2026-09-18T00:19:29Z</time>
        <extensions>
          <gpxtpx:TrackPointExtension>
            <gpxtpx:hr>162</gpxtpx:hr>
          </gpxtpx:TrackPointExtension>
        </extensions>
      </trkpt>
      <trkpt lat="30.493603250571727" lon="114.4254842084234">
        <ele>-82.0</ele>
        <time>2026-09-18T00:19:32Z</time>
        <extensions>
          <gpxtpx:TrackPointExtension>
            <gpxtpx:hr>162</gpxtpx:hr>
          </gpxtpx:TrackPointExtension>
        </extensions>
      </trkpt>
      <trkpt lat="30.4936462509954" lon="114.42549422381947">
        <ele>-82.0</ele>
        <time>2026-09-18T00:19:35Z</time>
        <extensions>
          <gpxtpx:TrackPointExtension>
            <gpxtpx:hr>160</gpxtpx:hr>
          </gpxtpx:TrackPointExtension>
        </extensions>
      </trkpt>
      <trkpt lat="30.49368324037651" lon="114.4254942206028">
        <ele>-81.0</ele>
        <time>2026-09-18T00:19:38Z</time>
        <extensions>
          <gpxtpx:TrackPointExtension>
            <gpxtpx:hr>162</gpxtpx:hr>
          </gpxtpx:TrackPointExtension>
        </extensions>
      </trkpt>
      <trkpt lat="30.49371621686558" lon="114.42548319668634">
        <ele>-81.0</ele>
        <time>2026-09-18T00:19:41Z</time>
        <extensions>
          <gpxtpx:TrackPointExtension>
            <gpxtpx:hr>162</gpxtpx:hr>
          </gpxtpx:TrackPointExtension>
        </extensions>
      </trkpt>
      <trkpt lat="30.493745176653647" lon="114.42545814635164">
        <ele>-81.0</ele>
        <time>2026-09-18T00:19:44Z</time>
        <extensions>
          <gpxtpx:TrackPointExtension>
            <gpxtpx:hr>162</gpxtpx:hr>
          </gpxtpx:TrackPointExtension>
        </extensions>
      </trkpt>
      <trkpt lat="30.49376911880028" lon="114.4254180678265">
        <ele>-81.0</ele>
        <time>2026-09-18T00:19:47Z</time>
        <extensions>
          <gpxtpx:TrackPointExtension>
            <gpxtpx:hr>162</gpxtpx:hr>
          </gpxtpx:TrackPointExtension>
        </extensions>
      </trkpt>
      <trkpt lat="30.49378904436734" lon="114.42536396301857">
        <ele>-81.0</ele>
        <time>2026-09-18T00:19:50Z</time>
        <extensions>
          <gpxtpx:TrackPointExtension>
            <gpxtpx:hr>162</gpxtpx:hr>
          </gpxtpx:TrackPointExtension>
        </extensions>
      </trkpt>
      <trkpt lat="30.493804955989063" lon="114.42529783584608">
        <ele>-81.0</ele>
        <time>2026-09-18T00:19:53Z</time>
        <extensions>
          <gpxtpx:TrackPointExtension>
            <gpxtpx:hr>162</gpxtpx:hr>
          </gpxtpx:TrackPointExtension>
        </extensions>
      </trkpt>
      <trkpt lat="30.493819861760628" lon="114.42522669946749">
        <ele>-81.0</ele>
        <time>2026-09-18T00:19:56Z</time>
        <extensions>
          <gpxtpx:TrackPointExtension>
            <gpxtpx:hr>162</gpxtpx:hr>
          </gpxtpx:TrackPointExtension>
        </extensions>
      </trkpt>
      <trkpt lat="30.493831763564227" lon="114.42515155600553">
        <ele>-81.0</ele>
        <time>2026-09-18T00:19:59Z</time>
        <extensions>
          <gpxtpx:TrackPointExtension>
            <gpxtpx:hr>165</gpxtpx:hr>
          </gpxtpx:TrackPointExtension>
        </extensions>
      </trkpt>
      <trkpt lat="30.49396119390432" lon="114.42472574282388">
        <ele>-82.0</ele>
        <time>2026-09-18T00:20:17Z</time>
        <extensions>
          <gpxtpx:TrackPointExtension>
            <gpxtpx:hr>162</gpxtpx:hr>
          </gpxtpx:TrackPointExtension>
        </extensions>
      </trkpt>
      <trkpt lat="30.49398610599806" lon="114.4246606187841">
        <ele>-82.0</ele>
        <time>2026-09-18T00:20:23Z</time>
        <extensions>
          <gpxtpx:TrackPointExtension>
            <gpxtpx:hr>162</gpxtpx:hr>
          </gpxtpx:TrackPointExtension>
        </extensions>
      </trkpt>
      <trkpt lat="30.494009021324555" lon="114.42459749886417">
        <ele>-82.0</ele>
        <time>2026-09-18T00:20:26Z</time>
        <extensions>
          <gpxtpx:TrackPointExtension>
            <gpxtpx:hr>162</gpxtpx:hr>
          </gpxtpx:TrackPointExtension>
        </extensions>
      </trkpt>
      <trkpt lat="30.494028938919865" lon="114.42453538126547">
        <ele>-82.0</ele>
        <time>2026-09-18T00:20:29Z</time>
        <extensions>
          <gpxtpx:TrackPointExtension>
            <gpxtpx:hr>163</gpxtpx:hr>
          </gpxtpx:TrackPointExtension>
        </extensions>
      </trkpt>
      <trkpt lat="30.49404386181584" lon="114.42447626988148">
        <ele>-82.0</ele>
        <time>2026-09-18T00:20:32Z</time>
        <extensions>
          <gpxtpx:TrackPointExtension>
            <gpxtpx:hr>162</gpxtpx:hr>
          </gpxtpx:TrackPointExtension>
        </extensions>
      </trkpt>
      <trkpt lat="30.49405578941492" lon="114.42442016451251">
        <ele>-82.0</ele>
        <time>2026-09-18T00:20:35Z</time>
        <extensions>
          <gpxtpx:TrackPointExtension>
            <gpxtpx:hr>162</gpxtpx:hr>
          </gpxtpx:TrackPointExtension>
        </extensions>
      </trkpt>
      <trkpt lat="30.494062721042404" lon="114.42436606344897">
        <ele>-82.0</ele>
        <time>2026-09-18T00:20:38Z</time>
        <extensions>
          <gpxtpx:TrackPointExtension>
            <gpxtpx:hr>162</gpxtpx:hr>
          </gpxtpx:TrackPointExtension>
        </extensions>
      </trkpt>
      <trkpt lat="30.494067652145958" lon="114.42431096084519">
        <ele>-82.0</ele>
        <time>2026-09-18T00:20:41Z</time>
        <extensions>
          <gpxtpx:TrackPointExtension>
            <gpxtpx:hr>160</gpxtpx:hr>
          </gpxtpx:TrackPointExtension>
        </extensions>
      </trkpt>
      <trkpt lat="30.494080581081665" lon="114.42425585769325">
        <ele>-82.0</ele>
        <time>2026-09-18T00:20:44Z</time>
        <extensions>
          <gpxtpx:TrackPointExtension>
            <gpxtpx:hr>162</gpxtpx:hr>
          </gpxtpx:TrackPointExtension>
        </extensions>
      </trkpt>
      <trkpt lat="30.494097507778445" lon="114.42419975249011">
        <ele>-83.0</ele>
        <time>2026-09-18T00:20:47Z</time>
        <extensions>
          <gpxtpx:TrackPointExtension>
            <gpxtpx:hr>166</gpxtpx:hr>
          </gpxtpx:TrackPointExtension>
        </extensions>
      </trkpt>
      <trkpt lat="30.49411443461129" lon="114.42414364743996">
        <ele>-83.0</ele>
        <time>2026-09-18T00:20:50Z</time>
        <extensions>
          <gpxtpx:TrackPointExtension>
            <gpxtpx:hr>163</gpxtpx:hr>
          </gpxtpx:TrackPointExtension>
        </extensions>
      </trkpt>
      <trkpt lat="30.494135355568144" lon="114.4240835348138">
        <ele>-83.0</ele>
        <time>2026-09-18T00:20:53Z</time>
        <extensions>
          <gpxtpx:TrackPointExtension>
            <gpxtpx:hr>162</gpxtpx:hr>
          </gpxtpx:TrackPointExtension>
        </extensions>
      </trkpt>
      <trkpt lat="30.49416027310558" lon="114.42402141833107">
        <ele>-83.0</ele>
        <time>2026-09-18T00:20:56Z</time>
        <extensions>
          <gpxtpx:TrackPointExtension>
            <gpxtpx:hr>163</gpxtpx:hr>
          </gpxtpx:TrackPointExtension>
        </extensions>
      </trkpt>
      <trkpt lat="30.49418718660462" lon="114.42395629634485">
        <ele>-83.0</ele>
        <time>2026-09-18T00:20:59Z</time>
        <extensions>
          <gpxtpx:TrackPointExtension>
            <gpxtpx:hr>162</gpxtpx:hr>
          </gpxtpx:TrackPointExtension>
        </extensions>
      </trkpt>
      <trkpt lat="30.494395570956982" lon="114.42349243195169">
        <ele>-83.0</ele>
        <time>2026-09-18T00:21:20Z</time>
        <extensions>
          <gpxtpx:TrackPointExtension>
            <gpxtpx:hr>163</gpxtpx:hr>
          </gpxtpx:TrackPointExtension>
        </extensions>
      </trkpt>
      <trkpt lat="30.494422485945442" lon="114.42342731164378">
        <ele>-83.0</ele>
        <time>2026-09-18T00:21:23Z</time>
        <extensions>
          <gpxtpx:TrackPointExtension>
            <gpxtpx:hr>162</gpxtpx:hr>
          </gpxtpx:TrackPointExtension>
        </extensions>
      </trkpt>
      <trkpt lat="30.494445407005408" lon="114.42336619913105">
        <ele>-83.0</ele>
        <time>2026-09-18T00:21:26Z</time>
        <extensions>
          <gpxtpx:TrackPointExtension>
            <gpxtpx:hr>162</gpxtpx:hr>
          </gpxtpx:TrackPointExtension>
        </extensions>
      </trkpt>
      <trkpt lat="30.494463328484706" lon="114.42330408542836">
        <ele>-83.0</ele>
        <time>2026-09-18T00:21:29Z</time>
        <extensions>
          <gpxtpx:TrackPointExtension>
            <gpxtpx:hr>162</gpxtpx:hr>
          </gpxtpx:TrackPointExtension>
        </extensions>
      </trkpt>
      <trkpt lat="30.49447725128279" lon="114.42324197226198">
        <ele>-83.0</ele>
        <time>2026-09-18T00:21:32Z</time>
        <extensions>
          <gpxtpx:TrackPointExtension>
            <gpxtpx:hr>162</gpxtpx:hr>
          </gpxtpx:TrackPointExtension>
        </extensions>
      </trkpt>
      <trkpt lat="30.494476187976353" lon="114.42318787499886">
        <ele>-83.0</ele>
        <time>2026-09-18T00:21:35Z</time>
        <extensions>
          <gpxtpx:TrackPointExtension>
            <gpxtpx:hr>162</gpxtpx:hr>
          </gpxtpx:TrackPointExtension>
        </extensions>
      </trkpt>
      <trkpt lat="30.49447412391103" lon="114.42313277616697">
        <ele>-83.0</ele>
        <time>2026-09-18T00:21:38Z</time>
        <extensions>
          <gpxtpx:TrackPointExtension>
            <gpxtpx:hr>162</gpxtpx:hr>
          </gpxtpx:TrackPointExtension>
        </extensions>
      </trkpt>
      <trkpt lat="30.494463082493034" lon="114.42309470880642">
        <ele>-83.0</ele>
        <time>2026-09-18T00:21:41Z</time>
        <extensions>
          <gpxtpx:TrackPointExtension>
            <gpxtpx:hr>162</gpxtpx:hr>
          </gpxtpx:TrackPointExtension>
        </extensions>
      </trkpt>
      <trkpt lat="30.494455033250883" lon="114.42305063048653">
        <ele>-83.0</ele>
        <time>2026-09-18T00:21:44Z</time>
        <extensions>
          <gpxtpx:TrackPointExtension>
            <gpxtpx:hr>162</gpxtpx:hr>
          </gpxtpx:TrackPointExtension>
        </extensions>
      </trkpt>
      <trkpt lat="30.494441991375638" lon="114.42301156166005">
        <ele>-83.0</ele>
        <time>2026-09-18T00:21:47Z</time>
        <extensions>
          <gpxtpx:TrackPointExtension>
            <gpxtpx:hr>164</gpxtpx:hr>
          </gpxtpx:TrackPointExtension>
        </extensions>
      </trkpt>
      <trkpt lat="30.494422957129284" lon="114.42297750238531">
        <ele>-84.0</ele>
        <time>2026-09-18T00:21:50Z</time>
        <extensions>
          <gpxtpx:TrackPointExtension>
            <gpxtpx:hr>165</gpxtpx:hr>
          </gpxtpx:TrackPointExtension>
        </extensions>
      </trkpt>
      <trkpt lat="30.494400928459978" lon="114.42294745058659">
        <ele>-84.0</ele>
        <time>2026-09-18T00:21:53Z</time>
        <extensions>
          <gpxtpx:TrackPointExtension>
            <gpxtpx:hr>165</gpxtpx:hr>
          </gpxtpx:TrackPointExtension>
        </extensions>
      </trkpt>
      <trkpt lat="30.494372905050053" lon="114.42292040471884">
        <ele>-84.0</ele>
        <time>2026-09-18T00:21:56Z</time>
        <extensions>
          <gpxtpx:TrackPointExtension>
            <gpxtpx:hr>165</gpxtpx:hr>
          </gpxtpx:TrackPointExtension>
        </extensions>
      </trkpt>
      <trkpt lat="30.494341883697917" lon="114.42289436093493">
        <ele>-84.0</ele>
        <time>2026-09-18T00:21:59Z</time>
        <extensions>
          <gpxtpx:TrackPointExtension>
            <gpxtpx:hr>165</gpxtpx:hr>
          </gpxtpx:TrackPointExtension>
        </extensions>
      </trkpt>
      <trkpt lat="30.494025687306102" lon="114.42264594674097">
        <ele>-85.0</ele>
        <time>2026-09-18T00:22:20Z</time>
        <extensions>
          <gpxtpx:TrackPointExtension>
            <gpxtpx:hr>162</gpxtpx:hr>
          </gpxtpx:TrackPointExtension>
        </extensions>
      </trkpt>
      <trkpt lat="30.493972658759017" lon="114.42260788394157">
        <ele>-85.0</ele>
        <time>2026-09-18T00:22:23Z</time>
        <extensions>
          <gpxtpx:TrackPointExtension>
            <gpxtpx:hr>164</gpxtpx:hr>
          </gpxtpx:TrackPointExtension>
        </extensions>
      </trkpt>
      <trkpt lat="30.49391663573246" lon="114.42257382855918">
        <ele>-85.0</ele>
        <time>2026-09-18T00:22:26Z</time>
        <extensions>
          <gpxtpx:TrackPointExtension>
            <gpxtpx:hr>166</gpxtpx:hr>
          </gpxtpx:TrackPointExtension>
        </extensions>
      </trkpt>
      <trkpt lat="30.493860613901635" lon="114.42254077500338">
        <ele>-85.0</ele>
        <time>2026-09-18T00:22:29Z</time>
        <extensions>
          <gpxtpx:TrackPointExtension>
            <gpxtpx:hr>170</gpxtpx:hr>
          </gpxtpx:TrackPointExtension>
        </extensions>
      </trkpt>
      <trkpt lat="30.493802593836474" lon="114.42250872344331">
        <ele>-86.0</ele>
        <time>2026-09-18T00:22:35Z</time>
        <extensions>
          <gpxtpx:TrackPointExtension>
            <gpxtpx:hr>165</gpxtpx:hr>
          </gpxtpx:TrackPointExtension>
        </extensions>
      </trkpt>
      <trkpt lat="30.49374557352576" lon="114.42247667184671">
        <ele>-86.0</ele>
        <time>2026-09-18T00:22:38Z</time>
        <extensions>
          <gpxtpx:TrackPointExtension>
            <gpxtpx:hr>165</gpxtpx:hr>
          </gpxtpx:TrackPointExtension>
        </extensions>
      </trkpt>
      <trkpt lat="30.49369155353967" lon="114.42244562180457">
        <ele>-86.0</ele>
        <time>2026-09-18T00:22:41Z</time>
        <extensions>
          <gpxtpx:TrackPointExtension>
            <gpxtpx:hr>165</gpxtpx:hr>
          </gpxtpx:TrackPointExtension>
        </extensions>
      </trkpt>
      <trkpt lat="30.493642532157935" lon="114.42241457137484">
        <ele>-86.0</ele>
        <time>2026-09-18T00:22:44Z</time>
        <extensions>
          <gpxtpx:TrackPointExtension>
            <gpxtpx:hr>165</gpxtpx:hr>
          </gpxtpx:TrackPointExtension>
        </extensions>
      </trkpt>
      <trkpt lat="30.493590510535405" lon="114.42238251949146">
        <ele>-86.0</ele>
        <time>2026-09-18T00:22:47Z</time>
        <extensions>
          <gpxtpx:TrackPointExtension>
            <gpxtpx:hr>165</gpxtpx:hr>
          </gpxtpx:TrackPointExtension>
        </extensions>
      </trkpt>
      <trkpt lat="30.493535490955612" lon="114.42235146967992">
        <ele>-86.0</ele>
        <time>2026-09-18T00:22:50Z</time>
        <extensions>
          <gpxtpx:TrackPointExtension>
            <gpxtpx:hr>165</gpxtpx:hr>
          </gpxtpx:TrackPointExtension>
        </extensions>
      </trkpt>
      <trkpt lat="30.493478471988578" lon="114.42232042008973">
        <ele>-86.0</ele>
        <time>2026-09-18T00:22:53Z</time>
        <extensions>
          <gpxtpx:TrackPointExtension>
            <gpxtpx:hr>165</gpxtpx:hr>
          </gpxtpx:TrackPointExtension>
        </extensions>
      </trkpt>
      <trkpt lat="30.493416455631454" lon="114.42229037273927">
        <ele>-87.0</ele>
        <time>2026-09-18T00:22:56Z</time>
        <extensions>
          <gpxtpx:TrackPointExtension>
            <gpxtpx:hr>165</gpxtpx:hr>
          </gpxtpx:TrackPointExtension>
        </extensions>
      </trkpt>
      <trkpt lat="30.493354447262664" lon="114.42226733772578">
        <ele>-87.0</ele>
        <time>2026-09-18T00:22:59Z</time>
        <extensions>
          <gpxtpx:TrackPointExtension>
            <gpxtpx:hr>165</gpxtpx:hr>
          </gpxtpx:TrackPointExtension>
        </extensions>
      </trkpt>
      <trkpt lat="30.492978440449413" lon="114.4221661933045">
        <ele>-87.0</ele>
        <time>2026-09-18T00:23:17Z</time>
        <extensions>
          <gpxtpx:TrackPointExtension>
            <gpxtpx:hr>165</gpxtpx:hr>
          </gpxtpx:TrackPointExtension>
        </extensions>
      </trkpt>
      <trkpt lat="30.49293143240841" lon="114.42214716412782">
        <ele>-88.0</ele>
        <time>2026-09-18T00:23:20Z</time>
        <extensions>
          <gpxtpx:TrackPointExtension>
            <gpxtpx:hr>165</gpxtpx:hr>
          </gpxtpx:TrackPointExtension>
        </extensions>
      </trkpt>
      <trkpt lat="30.492886420418362" lon="114.422125129547">
        <ele>-88.0</ele>
        <time>2026-09-18T00:23:23Z</time>
        <extensions>
          <gpxtpx:TrackPointExtension>
            <gpxtpx:hr>165</gpxtpx:hr>
          </gpxtpx:TrackPointExtension>
        </extensions>
      </trkpt>
      <trkpt lat="30.492795384375807" lon="114.42207004132905">
        <ele>-88.0</ele>
        <time>2026-09-18T00:23:29Z</time>
        <extensions>
          <gpxtpx:TrackPointExtension>
            <gpxtpx:hr>165</gpxtpx:hr>
          </gpxtpx:TrackPointExtension>
        </extensions>
      </trkpt>
      <trkpt lat="30.49274337220343" lon="114.42204600394994">
        <ele>-88.0</ele>
        <time>2026-09-18T00:23:32Z</time>
        <extensions>
          <gpxtpx:TrackPointExtension>
            <gpxtpx:hr>165</gpxtpx:hr>
          </gpxtpx:TrackPointExtension>
        </extensions>
      </trkpt>
      <trkpt lat="30.492689358374808" lon="114.42201996328505">
        <ele>-88.0</ele>
        <time>2026-09-18T00:23:35Z</time>
        <extensions>
          <gpxtpx:TrackPointExtension>
            <gpxtpx:hr>165</gpxtpx:hr>
          </gpxtpx:TrackPointExtension>
        </extensions>
      </trkpt>
      <trkpt lat="30.492633344020668" lon="114.42199292108475">
        <ele>-89.0</ele>
        <time>2026-09-18T00:23:38Z</time>
        <extensions>
          <gpxtpx:TrackPointExtension>
            <gpxtpx:hr>165</gpxtpx:hr>
          </gpxtpx:TrackPointExtension>
        </extensions>
      </trkpt>
      <trkpt lat="30.492575326898343" lon="114.42196287387043">
        <ele>-89.0</ele>
        <time>2026-09-18T00:23:41Z</time>
        <extensions>
          <gpxtpx:TrackPointExtension>
            <gpxtpx:hr>163</gpxtpx:hr>
          </gpxtpx:TrackPointExtension>
        </extensions>
      </trkpt>
      <trkpt lat="30.49251430842668" lon="114.42193082348207">
        <ele>-89.0</ele>
        <time>2026-09-18T00:23:44Z</time>
        <extensions>
          <gpxtpx:TrackPointExtension>
            <gpxtpx:hr>162</gpxtpx:hr>
          </gpxtpx:TrackPointExtension>
        </extensions>
      </trkpt>
      <trkpt lat="30.492452292522366" lon="114.4219007767076">
        <ele>-89.0</ele>
        <time>2026-09-18T00:23:47Z</time>
        <extensions>
          <gpxtpx:TrackPointExtension>
            <gpxtpx:hr>162</gpxtpx:hr>
          </gpxtpx:TrackPointExtension>
        </extensions>
      </trkpt>
      <trkpt lat="30.492391274130412" lon="114.42186872641724">
        <ele>-89.0</ele>
        <time>2026-09-18T00:23:50Z</time>
        <extensions>
          <gpxtpx:TrackPointExtension>
            <gpxtpx:hr>162</gpxtpx:hr>
          </gpxtpx:TrackPointExtension>
        </extensions>
      </trkpt>
      <trkpt lat="30.49232925606542" lon="114.42183667626446">
        <ele>-89.0</ele>
        <time>2026-09-18T00:23:53Z</time>
        <extensions>
          <gpxtpx:TrackPointExtension>
            <gpxtpx:hr>162</gpxtpx:hr>
          </gpxtpx:TrackPointExtension>
        </extensions>
      </trkpt>
      <trkpt lat="30.49226624055922" lon="114.42180662971631">
        <ele>-89.0</ele>
        <time>2026-09-18T00:23:56Z</time>
        <extensions>
          <gpxtpx:TrackPointExtension>
            <gpxtpx:hr>162</gpxtpx:hr>
          </gpxtpx:TrackPointExtension>
        </extensions>
      </trkpt>
      <trkpt lat="30.492203227318175" lon="114.42177858667688">
        <ele>-89.0</ele>
        <time>2026-09-18T00:23:59Z</time>
        <extensions>
          <gpxtpx:TrackPointExtension>
            <gpxtpx:hr>162</gpxtpx:hr>
          </gpxtpx:TrackPointExtension>
        </extensions>
      </trkpt>
      <trkpt lat="30.49214121604942" lon="114.42175254705087">
        <ele>-90.0</ele>
        <time>2026-09-18T00:24:02Z</time>
        <extensions>
          <gpxtpx:TrackPointExtension>
            <gpxtpx:hr>162</gpxtpx:hr>
          </gpxtpx:TrackPointExtension>
        </extensions>
      </trkpt>
      <trkpt lat="30.49208120979892" lon="114.42173151593295">
        <ele>-90.0</ele>
        <time>2026-09-18T00:24:05Z</time>
        <extensions>
          <gpxtpx:TrackPointExtension>
            <gpxtpx:hr>162</gpxtpx:hr>
          </gpxtpx:TrackPointExtension>
        </extensions>
      </trkpt>
      <trkpt lat="30.49202020496142" lon="114.42171148665265">
        <ele>-90.0</ele>
        <time>2026-09-18T00:24:08Z</time>
        <extensions>
          <gpxtpx:TrackPointExtension>
            <gpxtpx:hr>162</gpxtpx:hr>
          </gpxtpx:TrackPointExtension>
        </extensions>
      </trkpt>
      <trkpt lat="30.491911216052976" lon="114.42169346502386">
        <ele>-90.0</ele>
        <time>2026-09-18T00:24:14Z</time>
        <extensions>
          <gpxtpx:TrackPointExtension>
            <gpxtpx:hr>162</gpxtpx:hr>
          </gpxtpx:TrackPointExtension>
        </extensions>
      </trkpt>
      <trkpt lat="30.49164021454326" lon="114.42162236603886">
        <ele>-91.0</ele>
        <time>2026-09-18T00:24:27Z</time>
        <extensions>
          <gpxtpx:TrackPointExtension>
            <gpxtpx:hr>162</gpxtpx:hr>
          </gpxtpx:TrackPointExtension>
        </extensions>
      </trkpt>
      <trkpt lat="30.49158621110181" lon="114.42160534142808">
        <ele>-91.0</ele>
        <time>2026-09-18T00:24:30Z</time>
        <extensions>
          <gpxtpx:TrackPointExtension>
            <gpxtpx:hr>170</gpxtpx:hr>
          </gpxtpx:TrackPointExtension>
        </extensions>
      </trkpt>
      <trkpt lat="30.49153020492074" lon="114.42158531183746">
        <ele>-91.0</ele>
        <time>2026-09-18T00:24:33Z</time>
        <extensions>
          <gpxtpx:TrackPointExtension>
            <gpxtpx:hr>176</gpxtpx:hr>
          </gpxtpx:TrackPointExtension>
        </extensions>
      </trkpt>
      <trkpt lat="30.491472197112966" lon="114.42156327899745">
        <ele>-91.0</ele>
        <time>2026-09-18T00:24:36Z</time>
        <extensions>
          <gpxtpx:TrackPointExtension>
            <gpxtpx:hr>177</gpxtpx:hr>
          </gpxtpx:TrackPointExtension>
        </extensions>
      </trkpt>
      <trkpt lat="30.491413187399203" lon="114.42153924282756">
        <ele>-91.0</ele>
        <time>2026-09-18T00:24:39Z</time>
        <extensions>
          <gpxtpx:TrackPointExtension>
            <gpxtpx:hr>177</gpxtpx:hr>
          </gpxtpx:TrackPointExtension>
        </extensions>
      </trkpt>
      <trkpt lat="30.491352183793477" lon="114.42152021545665">
        <ele>-91.0</ele>
        <time>2026-09-18T00:24:42Z</time>
        <extensions>
          <gpxtpx:TrackPointExtension>
            <gpxtpx:hr>177</gpxtpx:hr>
          </gpxtpx:TrackPointExtension>
        </extensions>
      </trkpt>
      <trkpt lat="30.491292188737734" lon="114.42150920176599">
        <ele>-91.0</ele>
        <time>2026-09-18T00:24:45Z</time>
        <extensions>
          <gpxtpx:TrackPointExtension>
            <gpxtpx:hr>177</gpxtpx:hr>
          </gpxtpx:TrackPointExtension>
        </extensions>
      </trkpt>
      <trkpt lat="30.491235200548562" lon="114.4215051998498">
        <ele>-91.0</ele>
        <time>2026-09-18T00:24:48Z</time>
        <extensions>
          <gpxtpx:TrackPointExtension>
            <gpxtpx:hr>177</gpxtpx:hr>
          </gpxtpx:TrackPointExtension>
        </extensions>
      </trkpt>
      <trkpt lat="30.491179214277675" lon="114.42150320128447">
        <ele>-91.0</ele>
        <time>2026-09-18T00:24:51Z</time>
        <extensions>
          <gpxtpx:TrackPointExtension>
            <gpxtpx:hr>171</gpxtpx:hr>
          </gpxtpx:TrackPointExtension>
        </extensions>
      </trkpt>
      <trkpt lat="30.491123231311924" lon="114.42150420787495">
        <ele>-92.0</ele>
        <time>2026-09-18T00:24:54Z</time>
        <extensions>
          <gpxtpx:TrackPointExtension>
            <gpxtpx:hr>166</gpxtpx:hr>
          </gpxtpx:TrackPointExtension>
        </extensions>
      </trkpt>
      <trkpt lat="30.491069248877103" lon="114.42150621601017">
        <ele>-92.0</ele>
        <time>2026-09-18T00:24:57Z</time>
        <extensions>
          <gpxtpx:TrackPointExtension>
            <gpxtpx:hr>165</gpxtpx:hr>
          </gpxtpx:TrackPointExtension>
        </extensions>
      </trkpt>
      <trkpt lat="30.490707175875883" lon="114.42134597314192">
        <ele>-93.0</ele>
        <time>2026-09-18T00:25:15Z</time>
        <extensions>
          <gpxtpx:TrackPointExtension>
            <gpxtpx:hr>167</gpxtpx:hr>
          </gpxtpx:TrackPointExtension>
        </extensions>
      </trkpt>
      <trkpt lat="30.490644141221196" lon="114.42129789656144">
        <ele>-93.0</ele>
        <time>2026-09-18T00:25:18Z</time>
        <extensions>
          <gpxtpx:TrackPointExtension>
            <gpxtpx:hr>165</gpxtpx:hr>
          </gpxtpx:TrackPointExtension>
        </extensions>
      </trkpt>
      <trkpt lat="30.490581109938976" lon="114.42125282521339">
        <ele>-93.0</ele>
        <time>2026-09-18T00:25:21Z</time>
        <extensions>
          <gpxtpx:TrackPointExtension>
            <gpxtpx:hr>165</gpxtpx:hr>
          </gpxtpx:TrackPointExtension>
        </extensions>
      </trkpt>
      <trkpt lat="30.490520082533553" lon="114.42121176060789">
        <ele>-93.0</ele>
        <time>2026-09-18T00:25:24Z</time>
        <extensions>
          <gpxtpx:TrackPointExtension>
            <gpxtpx:hr>165</gpxtpx:hr>
          </gpxtpx:TrackPointExtension>
        </extensions>
      </trkpt>
      <trkpt lat="30.49046006035572" lon="114.42117570450998">
        <ele>-94.0</ele>
        <time>2026-09-18T00:25:27Z</time>
        <extensions>
          <gpxtpx:TrackPointExtension>
            <gpxtpx:hr>163</gpxtpx:hr>
          </gpxtpx:TrackPointExtension>
        </extensions>
      </trkpt>
      <trkpt lat="30.49040104338185" lon="114.42114465689288">
        <ele>-94.0</ele>
        <time>2026-09-18T00:25:30Z</time>
        <extensions>
          <gpxtpx:TrackPointExtension>
            <gpxtpx:hr>163</gpxtpx:hr>
          </gpxtpx:TrackPointExtension>
        </extensions>
      </trkpt>
      <trkpt lat="30.49034302833444" lon="114.42111561263515">
        <ele>-94.0</ele>
        <time>2026-09-18T00:25:33Z</time>
        <extensions>
          <gpxtpx:TrackPointExtension>
            <gpxtpx:hr>162</gpxtpx:hr>
          </gpxtpx:TrackPointExtension>
        </extensions>
      </trkpt>
      <trkpt lat="30.49028501332075" lon="114.42108656841908">
        <ele>-94.0</ele>
        <time>2026-09-18T00:25:36Z</time>
        <extensions>
          <gpxtpx:TrackPointExtension>
            <gpxtpx:hr>162</gpxtpx:hr>
          </gpxtpx:TrackPointExtension>
        </extensions>
      </trkpt>
      <trkpt lat="30.490227003756893" lon="114.42106253272804">
        <ele>-94.0</ele>
        <time>2026-09-18T00:25:39Z</time>
        <extensions>
          <gpxtpx:TrackPointExtension>
            <gpxtpx:hr>162</gpxtpx:hr>
          </gpxtpx:TrackPointExtension>
        </extensions>
      </trkpt>
      <trkpt lat="30.490168998544515" lon="114.42104250384833">
        <ele>-94.0</ele>
        <time>2026-09-18T00:25:42Z</time>
        <extensions>
          <gpxtpx:TrackPointExtension>
            <gpxtpx:hr>162</gpxtpx:hr>
          </gpxtpx:TrackPointExtension>
        </extensions>
      </trkpt>
      <trkpt lat="30.490109997956488" lon="114.42102648185507">
        <ele>-94.0</ele>
        <time>2026-09-18T00:25:45Z</time>
        <extensions>
          <gpxtpx:TrackPointExtension>
            <gpxtpx:hr>162</gpxtpx:hr>
          </gpxtpx:TrackPointExtension>
        </extensions>
      </trkpt>
      <trkpt lat="30.49004999982184" lon="114.42101246335002">
        <ele>-94.0</ele>
        <time>2026-09-18T00:25:48Z</time>
        <extensions>
          <gpxtpx:TrackPointExtension>
            <gpxtpx:hr>162</gpxtpx:hr>
          </gpxtpx:TrackPointExtension>
        </extensions>
      </trkpt>
      <trkpt lat="30.489990002772775" lon="114.42099944654835">
        <ele>-94.0</ele>
        <time>2026-09-18T00:25:51Z</time>
        <extensions>
          <gpxtpx:TrackPointExtension>
            <gpxtpx:hr>162</gpxtpx:hr>
          </gpxtpx:TrackPointExtension>
        </extensions>
      </trkpt>
      <trkpt lat="30.489931004364347" lon="114.42098542797505">
        <ele>-94.0</ele>
        <time>2026-09-18T00:25:54Z</time>
        <extensions>
          <gpxtpx:TrackPointExtension>
            <gpxtpx:hr>162</gpxtpx:hr>
          </gpxtpx:TrackPointExtension>
        </extensions>
      </trkpt>
      <trkpt lat="30.489871007323647" lon="114.4209724111908">
        <ele>-94.0</ele>
        <time>2026-09-18T00:25:57Z</time>
        <extensions>
          <gpxtpx:TrackPointExtension>
            <gpxtpx:hr>162</gpxtpx:hr>
          </gpxtpx:TrackPointExtension>
        </extensions>
      </trkpt>
      <trkpt lat="30.489577004338248" lon="114.42089230154235">
        <ele>-94.0</ele>
        <time>2026-09-18T00:26:12Z</time>
        <extensions>
          <gpxtpx:TrackPointExtension>
            <gpxtpx:hr>162</gpxtpx:hr>
          </gpxtpx:TrackPointExtension>
        </extensions>
      </trkpt>
      <trkpt lat="30.489455016264635" lon="114.42087127671213">
        <ele>-94.0</ele>
        <time>2026-09-18T00:26:18Z</time>
        <extensions>
          <gpxtpx:TrackPointExtension>
            <gpxtpx:hr>162</gpxtpx:hr>
          </gpxtpx:TrackPointExtension>
        </extensions>
      </trkpt>
      <trkpt lat="30.48939302627311" lon="114.42086427029632">
        <ele>-94.0</ele>
        <time>2026-09-18T00:26:21Z</time>
        <extensions>
          <gpxtpx:TrackPointExtension>
            <gpxtpx:hr>162</gpxtpx:hr>
          </gpxtpx:TrackPointExtension>
        </extensions>
      </trkpt>
      <trkpt lat="30.48933203492297" lon="114.42085626210934">
        <ele>-94.0</ele>
        <time>2026-09-18T00:26:24Z</time>
        <extensions>
          <gpxtpx:TrackPointExtension>
            <gpxtpx:hr>162</gpxtpx:hr>
          </gpxtpx:TrackPointExtension>
        </extensions>
      </trkpt>
      <trkpt lat="30.489272043289336" lon="114.42084825383853">
        <ele>-93.0</ele>
        <time>2026-09-18T00:26:27Z</time>
        <extensions>
          <gpxtpx:TrackPointExtension>
            <gpxtpx:hr>162</gpxtpx:hr>
          </gpxtpx:TrackPointExtension>
        </extensions>
      </trkpt>
      <trkpt lat="30.489212050581425" lon="114.42083924388514">
        <ele>-93.0</ele>
        <time>2026-09-18T00:26:30Z</time>
        <extensions>
          <gpxtpx:TrackPointExtension>
            <gpxtpx:hr>162</gpxtpx:hr>
          </gpxtpx:TrackPointExtension>
        </extensions>
      </trkpt>
      <trkpt lat="30.489152057873497" lon="114.42083023393579">
        <ele>-93.0</ele>
        <time>2026-09-18T00:26:33Z</time>
        <extensions>
          <gpxtpx:TrackPointExtension>
            <gpxtpx:hr>162</gpxtpx:hr>
          </gpxtpx:TrackPointExtension>
        </extensions>
      </trkpt>
      <trkpt lat="30.48909306488312" lon="114.42082122390343">
        <ele>-93.0</ele>
        <time>2026-09-18T00:26:36Z</time>
        <extensions>
          <gpxtpx:TrackPointExtension>
            <gpxtpx:hr>162</gpxtpx:hr>
          </gpxtpx:TrackPointExtension>
        </extensions>
      </trkpt>
      <trkpt lat="30.48903307431992" lon="114.42081421733097">
        <ele>-93.0</ele>
        <time>2026-09-18T00:26:39Z</time>
        <extensions>
          <gpxtpx:TrackPointExtension>
            <gpxtpx:hr>162</gpxtpx:hr>
          </gpxtpx:TrackPointExtension>
        </extensions>
      </trkpt>
      <trkpt lat="30.48897308375529" lon="114.42080721076094">
        <ele>-93.0</ele>
        <time>2026-09-18T00:26:42Z</time>
        <extensions>
          <gpxtpx:TrackPointExtension>
            <gpxtpx:hr>162</gpxtpx:hr>
          </gpxtpx:TrackPointExtension>
        </extensions>
      </trkpt>
      <trkpt lat="30.488913095332865" lon="114.42080220756101">
        <ele>-93.0</ele>
        <time>2026-09-18T00:26:45Z</time>
        <extensions>
          <gpxtpx:TrackPointExtension>
            <gpxtpx:hr>162</gpxtpx:hr>
          </gpxtpx:TrackPointExtension>
        </extensions>
      </trkpt>
      <trkpt lat="30.488853107979615" lon="114.42079820604597">
        <ele>-93.0</ele>
        <time>2026-09-18T00:26:48Z</time>
        <extensions>
          <gpxtpx:TrackPointExtension>
            <gpxtpx:hr>162</gpxtpx:hr>
          </gpxtpx:TrackPointExtension>
        </extensions>
      </trkpt>
      <trkpt lat="30.48879212197715" lon="114.42079520630223">
        <ele>-93.0</ele>
        <time>2026-09-18T00:26:51Z</time>
        <extensions>
          <gpxtpx:TrackPointExtension>
            <gpxtpx:hr>162</gpxtpx:hr>
          </gpxtpx:TrackPointExtension>
        </extensions>
      </trkpt>
      <trkpt lat="30.48873113489998" lon="114.42079120487557">
        <ele>-93.0</ele>
        <time>2026-09-18T00:26:54Z</time>
        <extensions>
          <gpxtpx:TrackPointExtension>
            <gpxtpx:hr>162</gpxtpx:hr>
          </gpxtpx:TrackPointExtension>
        </extensions>
      </trkpt>
      <trkpt lat="30.48866814838384" lon="114.4207872036237">
        <ele>-93.0</ele>
        <time>2026-09-18T00:26:57Z</time>
        <extensions>
          <gpxtpx:TrackPointExtension>
            <gpxtpx:hr>162</gpxtpx:hr>
          </gpxtpx:TrackPointExtension>
        </extensions>
      </trkpt>
      <trkpt lat="30.488354209051643" lon="114.42076118719723">
        <ele>-92.0</ele>
        <time>2026-09-18T00:27:12Z</time>
        <extensions>
          <gpxtpx:TrackPointExtension>
            <gpxtpx:hr>162</gpxtpx:hr>
          </gpxtpx:TrackPointExtension>
        </extensions>
      </trkpt>
      <trkpt lat="30.488299233105614" lon="114.42076920543857">
        <ele>-92.0</ele>
        <time>2026-09-18T00:27:15Z</time>
        <extensions>
          <gpxtpx:TrackPointExtension>
            <gpxtpx:hr>162</gpxtpx:hr>
          </gpxtpx:TrackPointExtension>
        </extensions>
      </trkpt>
      <trkpt lat="30.48825226668759" lon="114.42078824149903">
        <ele>-92.0</ele>
        <time>2026-09-18T00:27:18Z</time>
        <extensions>
          <gpxtpx:TrackPointExtension>
            <gpxtpx:hr>162</gpxtpx:hr>
          </gpxtpx:TrackPointExtension>
        </extensions>
      </trkpt>
      <trkpt lat="30.48818336765748" lon="114.42086437556668">
        <ele>-92.0</ele>
        <time>2026-09-18T00:27:24Z</time>
        <extensions>
          <gpxtpx:TrackPointExtension>
            <gpxtpx:hr>162</gpxtpx:hr>
          </gpxtpx:TrackPointExtension>
        </extensions>
      </trkpt>
      <trkpt lat="30.488159430352606" lon="114.42091646544276">
        <ele>-92.0</ele>
        <time>2026-09-18T00:27:27Z</time>
        <extensions>
          <gpxtpx:TrackPointExtension>
            <gpxtpx:hr>162</gpxtpx:hr>
          </gpxtpx:TrackPointExtension>
        </extensions>
      </trkpt>
      <trkpt lat="30.48814250091051" lon="114.42097757007468">
        <ele>-92.0</ele>
        <time>2026-09-18T00:27:30Z</time>
        <extensions>
          <gpxtpx:TrackPointExtension>
            <gpxtpx:hr>162</gpxtpx:hr>
          </gpxtpx:TrackPointExtension>
        </extensions>
      </trkpt>
      <trkpt lat="30.48813057563682" lon="114.42104368293435">
        <ele>-92.0</ele>
        <time>2026-09-18T00:27:33Z</time>
        <extensions>
          <gpxtpx:TrackPointExtension>
            <gpxtpx:hr>162</gpxtpx:hr>
          </gpxtpx:TrackPointExtension>
        </extensions>
      </trkpt>
      <trkpt lat="30.488121654052676" lon="114.42111380254548">
        <ele>-92.0</ele>
        <time>2026-09-18T00:27:36Z</time>
        <extensions>
          <gpxtpx:TrackPointExtension>
            <gpxtpx:hr>162</gpxtpx:hr>
          </gpxtpx:TrackPointExtension>
        </extensions>
      </trkpt>
      <trkpt lat="30.488112732684513" lon="114.42118392239917">
        <ele>-92.0</ele>
        <time>2026-09-18T00:27:39Z</time>
        <extensions>
          <gpxtpx:TrackPointExtension>
            <gpxtpx:hr>162</gpxtpx:hr>
          </gpxtpx:TrackPointExtension>
        </extensions>
      </trkpt>
      <trkpt lat="30.488103809348864" lon="114.42125203908304">
        <ele>-92.0</ele>
        <time>2026-09-18T00:27:42Z</time>
        <extensions>
          <gpxtpx:TrackPointExtension>
            <gpxtpx:hr>162</gpxtpx:hr>
          </gpxtpx:TrackPointExtension>
        </extensions>
      </trkpt>
      <trkpt lat="30.488093884309123" lon="114.42131815266384">
        <ele>-92.0</ele>
        <time>2026-09-18T00:27:45Z</time>
        <extensions>
          <gpxtpx:TrackPointExtension>
            <gpxtpx:hr>162</gpxtpx:hr>
          </gpxtpx:TrackPointExtension>
        </extensions>
      </trkpt>
      <trkpt lat="30.488083956168968" lon="114.42138126132241">
        <ele>-92.0</ele>
        <time>2026-09-18T00:27:48Z</time>
        <extensions>
          <gpxtpx:TrackPointExtension>
            <gpxtpx:hr>162</gpxtpx:hr>
          </gpxtpx:TrackPointExtension>
        </extensions>
      </trkpt>
      <trkpt lat="30.488073027384853" lon="114.42144336854865">
        <ele>-92.0</ele>
        <time>2026-09-18T00:27:51Z</time>
        <extensions>
          <gpxtpx:TrackPointExtension>
            <gpxtpx:hr>162</gpxtpx:hr>
          </gpxtpx:TrackPointExtension>
        </extensions>
      </trkpt>
      <trkpt lat="30.488064094898842" lon="114.42150247063532">
        <ele>-92.0</ele>
        <time>2026-09-18T00:27:54Z</time>
        <extensions>
          <gpxtpx:TrackPointExtension>
            <gpxtpx:hr>162</gpxtpx:hr>
          </gpxtpx:TrackPointExtension>
        </extensions>
      </trkpt>
      <trkpt lat="30.4880551636713" lon="114.42156257461541">
        <ele>-92.0</ele>
        <time>2026-09-18T00:27:57Z</time>
        <extensions>
          <gpxtpx:TrackPointExtension>
            <gpxtpx:hr>162</gpxtpx:hr>
          </gpxtpx:TrackPointExtension>
        </extensions>
      </trkpt>
      <trkpt lat="30.488048229823505" lon="114.42162067515073">
        <ele>-92.0</ele>
        <time>2026-09-18T00:28:00Z</time>
        <extensions>
          <gpxtpx:TrackPointExtension>
            <gpxtpx:hr>162</gpxtpx:hr>
          </gpxtpx:TrackPointExtension>
        </extensions>
      </trkpt>
      <trkpt lat="30.4880264506521" lon="114.42181401077444">
        <ele>-92.0</ele>
        <time>2026-09-18T00:28:07Z</time>
        <extensions>
          <gpxtpx:TrackPointExtension>
            <gpxtpx:hr>162</gpxtpx:hr>
          </gpxtpx:TrackPointExtension>
        </extensions>
      </trkpt>
      <trkpt lat="30.488014534520303" lon="114.42188613678208">
        <ele>-92.0</ele>
        <time>2026-09-18T00:28:10Z</time>
        <extensions>
          <gpxtpx:TrackPointExtension>
            <gpxtpx:hr>162</gpxtpx:hr>
          </gpxtpx:TrackPointExtension>
        </extensions>
      </trkpt>
      <trkpt lat="30.488000620301634" lon="114.42195926496039">
        <ele>-92.0</ele>
        <time>2026-09-18T00:28:13Z</time>
        <extensions>
          <gpxtpx:TrackPointExtension>
            <gpxtpx:hr>162</gpxtpx:hr>
          </gpxtpx:TrackPointExtension>
        </extensions>
      </trkpt>
      <trkpt lat="30.487983709412898" lon="114.42203439715176">
        <ele>-92.0</ele>
        <time>2026-09-18T00:28:16Z</time>
        <extensions>
          <gpxtpx:TrackPointExtension>
            <gpxtpx:hr>162</gpxtpx:hr>
          </gpxtpx:TrackPointExtension>
        </extensions>
      </trkpt>
      <trkpt lat="30.487964800462933" lon="114.42211053154284">
        <ele>-92.0</ele>
        <time>2026-09-18T00:28:19Z</time>
        <extensions>
          <gpxtpx:TrackPointExtension>
            <gpxtpx:hr>162</gpxtpx:hr>
          </gpxtpx:TrackPointExtension>
        </extensions>
      </trkpt>
      <trkpt lat="30.48794489091486" lon="114.42218566455342">
        <ele>-92.0</ele>
        <time>2026-09-18T00:28:22Z</time>
        <extensions>
          <gpxtpx:TrackPointExtension>
            <gpxtpx:hr>163</gpxtpx:hr>
          </gpxtpx:TrackPointExtension>
        </extensions>
      </trkpt>
      <trkpt lat="30.487926981050755" lon="114.42226079766719">
        <ele>-92.0</ele>
        <time>2026-09-18T00:28:25Z</time>
        <extensions>
          <gpxtpx:TrackPointExtension>
            <gpxtpx:hr>162</gpxtpx:hr>
          </gpxtpx:TrackPointExtension>
        </extensions>
      </trkpt>
      <trkpt lat="30.48791106745313" lon="114.42233292560574">
        <ele>-92.0</ele>
        <time>2026-09-18T00:28:28Z</time>
        <extensions>
          <gpxtpx:TrackPointExtension>
            <gpxtpx:hr>162</gpxtpx:hr>
          </gpxtpx:TrackPointExtension>
        </extensions>
      </trkpt>
      <trkpt lat="30.487898150954475" lon="114.4224030500129">
        <ele>-92.0</ele>
        <time>2026-09-18T00:28:31Z</time>
        <extensions>
          <gpxtpx:TrackPointExtension>
            <gpxtpx:hr>162</gpxtpx:hr>
          </gpxtpx:TrackPointExtension>
        </extensions>
      </trkpt>
      <trkpt lat="30.4878862343893" lon="114.42247317457428">
        <ele>-92.0</ele>
        <time>2026-09-18T00:28:34Z</time>
        <extensions>
          <gpxtpx:TrackPointExtension>
            <gpxtpx:hr>160</gpxtpx:hr>
          </gpxtpx:TrackPointExtension>
        </extensions>
      </trkpt>
      <trkpt lat="30.487875316609287" lon="114.42254229752012">
        <ele>-92.0</ele>
        <time>2026-09-18T00:28:37Z</time>
        <extensions>
          <gpxtpx:TrackPointExtension>
            <gpxtpx:hr>162</gpxtpx:hr>
          </gpxtpx:TrackPointExtension>
        </extensions>
      </trkpt>
      <trkpt lat="30.487804781904877" lon="114.42292798865626">
        <ele>-91.0</ele>
        <time>2026-09-18T00:28:55Z</time>
        <extensions>
          <gpxtpx:TrackPointExtension>
            <gpxtpx:hr>162</gpxtpx:hr>
          </gpxtpx:TrackPointExtension>
        </extensions>
      </trkpt>
      <trkpt lat="30.487791859049874" lon="114.42299110256471">
        <ele>-91.0</ele>
        <time>2026-09-18T00:28:58Z</time>
        <extensions>
          <gpxtpx:TrackPointExtension>
            <gpxtpx:hr>163</gpxtpx:hr>
          </gpxtpx:TrackPointExtension>
        </extensions>
      </trkpt>
      <trkpt lat="30.487771940677543" lon="114.42305622086631">
        <ele>-91.0</ele>
        <time>2026-09-18T00:29:01Z</time>
        <extensions>
          <gpxtpx:TrackPointExtension>
            <gpxtpx:hr>162</gpxtpx:hr>
          </gpxtpx:TrackPointExtension>
        </extensions>
      </trkpt>
      <trkpt lat="30.487724099676797" lon="114.42318044798051">
        <ele>-91.0</ele>
        <time>2026-09-18T00:29:07Z</time>
        <extensions>
          <gpxtpx:TrackPointExtension>
            <gpxtpx:hr>162</gpxtpx:hr>
          </gpxtpx:TrackPointExtension>
        </extensions>
      </trkpt>
      <trkpt lat="30.487698182347458" lon="114.42324456560236">
        <ele>-91.0</ele>
        <time>2026-09-18T00:29:10Z</time>
        <extensions>
          <gpxtpx:TrackPointExtension>
            <gpxtpx:hr>163</gpxtpx:hr>
          </gpxtpx:TrackPointExtension>
        </extensions>
      </trkpt>
      <trkpt lat="30.487666255067275" lon="114.42329866587694">
        <ele>-91.0</ele>
        <time>2026-09-18T00:29:13Z</time>
        <extensions>
          <gpxtpx:TrackPointExtension>
            <gpxtpx:hr>162</gpxtpx:hr>
          </gpxtpx:TrackPointExtension>
        </extensions>
      </trkpt>
      <trkpt lat="30.487627316862657" lon="114.42334174700291">
        <ele>-91.0</ele>
        <time>2026-09-18T00:29:16Z</time>
        <extensions>
          <gpxtpx:TrackPointExtension>
            <gpxtpx:hr>163</gpxtpx:hr>
          </gpxtpx:TrackPointExtension>
        </extensions>
      </trkpt>
      <trkpt lat="30.48758236857448" lon="114.42337481063417">
        <ele>-91.0</ele>
        <time>2026-09-18T00:29:19Z</time>
        <extensions>
          <gpxtpx:TrackPointExtension>
            <gpxtpx:hr>165</gpxtpx:hr>
          </gpxtpx:TrackPointExtension>
        </extensions>
      </trkpt>
      <trkpt lat="30.487530410439575" lon="114.42339785680915">
        <ele>-91.0</ele>
        <time>2026-09-18T00:29:22Z</time>
        <extensions>
          <gpxtpx:TrackPointExtension>
            <gpxtpx:hr>169</gpxtpx:hr>
          </gpxtpx:TrackPointExtension>
        </extensions>
      </trkpt>
      <trkpt lat="30.487476449327037" lon="114.423417897746">
        <ele>-91.0</ele>
        <time>2026-09-18T00:29:25Z</time>
        <extensions>
          <gpxtpx:TrackPointExtension>
            <gpxtpx:hr>174</gpxtpx:hr>
          </gpxtpx:TrackPointExtension>
        </extensions>
      </trkpt>
      <trkpt lat="30.487424493604912" lon="114.42344294759681">
        <ele>-91.0</ele>
        <time>2026-09-18T00:29:28Z</time>
        <extensions>
          <gpxtpx:TrackPointExtension>
            <gpxtpx:hr>176</gpxtpx:hr>
          </gpxtpx:TrackPointExtension>
        </extensions>
      </trkpt>
      <trkpt lat="30.487370537280164" lon="114.42346699583709">
        <ele>-91.0</ele>
        <time>2026-09-18T00:29:31Z</time>
        <extensions>
          <gpxtpx:TrackPointExtension>
            <gpxtpx:hr>176</gpxtpx:hr>
          </gpxtpx:TrackPointExtension>
        </extensions>
      </trkpt>
      <trkpt lat="30.48732359686313" lon="114.42350607074435">
        <ele>-91.0</ele>
        <time>2026-09-18T00:29:34Z</time>
        <extensions>
          <gpxtpx:TrackPointExtension>
            <gpxtpx:hr>175</gpxtpx:hr>
          </gpxtpx:TrackPointExtension>
        </extensions>
      </trkpt>
      <trkpt lat="30.487280670887973" lon="114.42355816902645">
        <ele>-91.0</ele>
        <time>2026-09-18T00:29:37Z</time>
        <extensions>
          <gpxtpx:TrackPointExtension>
            <gpxtpx:hr>175</gpxtpx:hr>
          </gpxtpx:TrackPointExtension>
        </extensions>
      </trkpt>
      <trkpt lat="30.48682513800755" lon="114.42384172552585">
        <ele>-92.0</ele>
        <time>2026-09-18T00:30:04Z</time>
        <extensions>
          <gpxtpx:TrackPointExtension>
            <gpxtpx:hr>177</gpxtpx:hr>
          </gpxtpx:TrackPointExtension>
        </extensions>
      </trkpt>
      <trkpt lat="30.486761154732072" lon="114.42384072925698">
        <ele>-92.0</ele>
        <time>2026-09-18T00:30:07Z</time>
        <extensions>
          <gpxtpx:TrackPointExtension>
            <gpxtpx:hr>175</gpxtpx:hr>
          </gpxtpx:TrackPointExtension>
        </extensions>
      </trkpt>
      <trkpt lat="30.486697176272344" lon="114.42384374032112">
        <ele>-92.0</ele>
        <time>2026-09-18T00:30:10Z</time>
        <extensions>
          <gpxtpx:TrackPointExtension>
            <gpxtpx:hr>177</gpxtpx:hr>
          </gpxtpx:TrackPointExtension>
        </extensions>
      </trkpt>
      <trkpt lat="30.4866321992941" lon="114.42384775330615">
        <ele>-92.0</ele>
        <time>2026-09-18T00:30:13Z</time>
        <extensions>
          <gpxtpx:TrackPointExtension>
            <gpxtpx:hr>177</gpxtpx:hr>
          </gpxtpx:TrackPointExtension>
        </extensions>
      </trkpt>
      <trkpt lat="30.48656822082706" lon="114.42385076437127">
        <ele>-92.0</ele>
        <time>2026-09-18T00:30:16Z</time>
        <extensions>
          <gpxtpx:TrackPointExtension>
            <gpxtpx:hr>177</gpxtpx:hr>
          </gpxtpx:TrackPointExtension>
        </extensions>
      </trkpt>
      <trkpt lat="30.486505242076472" lon="114.42385377534988">
        <ele>-92.0</ele>
        <time>2026-09-18T00:30:19Z</time>
        <extensions>
          <gpxtpx:TrackPointExtension>
            <gpxtpx:hr>175</gpxtpx:hr>
          </gpxtpx:TrackPointExtension>
        </extensions>
      </trkpt>
      <trkpt lat="30.486441264807745" lon="114.42385778824986">
        <ele>-92.0</ele>
        <time>2026-09-18T00:30:22Z</time>
        <extensions>
          <gpxtpx:TrackPointExtension>
            <gpxtpx:hr>175</gpxtpx:hr>
          </gpxtpx:TrackPointExtension>
        </extensions>
      </trkpt>
      <trkpt lat="30.486378288461736" lon="114.42386280289787">
        <ele>-92.0</ele>
        <time>2026-09-18T00:30:25Z</time>
        <extensions>
          <gpxtpx:TrackPointExtension>
            <gpxtpx:hr>175</gpxtpx:hr>
          </gpxtpx:TrackPointExtension>
        </extensions>
      </trkpt>
      <trkpt lat="30.486316309421127" lon="114.42386581379125">
        <ele>-92.0</ele>
        <time>2026-09-18T00:30:28Z</time>
        <extensions>
          <gpxtpx:TrackPointExtension>
            <gpxtpx:hr>175</gpxtpx:hr>
          </gpxtpx:TrackPointExtension>
        </extensions>
      </trkpt>
      <trkpt lat="30.486254329170983" lon="114.4238678228505">
        <ele>-92.0</ele>
        <time>2026-09-18T00:30:31Z</time>
        <extensions>
          <gpxtpx:TrackPointExtension>
            <gpxtpx:hr>177</gpxtpx:hr>
          </gpxtpx:TrackPointExtension>
        </extensions>
      </trkpt>
      <trkpt lat="30.4861923513296" lon="114.42387183557923">
        <ele>-92.0</ele>
        <time>2026-09-18T00:30:34Z</time>
        <extensions>
          <gpxtpx:TrackPointExtension>
            <gpxtpx:hr>177</gpxtpx:hr>
          </gpxtpx:TrackPointExtension>
        </extensions>
      </trkpt>
      <trkpt lat="30.48613037227868" lon="114.42387484647386">
        <ele>-92.0</ele>
        <time>2026-09-18T00:30:37Z</time>
        <extensions>
          <gpxtpx:TrackPointExtension>
            <gpxtpx:hr>177</gpxtpx:hr>
          </gpxtpx:TrackPointExtension>
        </extensions>
      </trkpt>
      <trkpt lat="30.48607039145898" lon="114.42387685536005">
        <ele>-92.0</ele>
        <time>2026-09-18T00:30:40Z</time>
        <extensions>
          <gpxtpx:TrackPointExtension>
            <gpxtpx:hr>177</gpxtpx:hr>
          </gpxtpx:TrackPointExtension>
        </extensions>
      </trkpt>
      <trkpt lat="30.486012405251255" lon="114.42387485673278">
        <ele>-92.0</ele>
        <time>2026-09-18T00:30:43Z</time>
        <extensions>
          <gpxtpx:TrackPointExtension>
            <gpxtpx:hr>177</gpxtpx:hr>
          </gpxtpx:TrackPointExtension>
        </extensions>
      </trkpt>
      <trkpt lat="30.48595441542166" lon="114.42386985260165">
        <ele>-92.0</ele>
        <time>2026-09-18T00:30:46Z</time>
        <extensions>
          <gpxtpx:TrackPointExtension>
            <gpxtpx:hr>177</gpxtpx:hr>
          </gpxtpx:TrackPointExtension>
        </extensions>
      </trkpt>
      <trkpt lat="30.48589742410462" lon="114.42386384655049">
        <ele>-92.0</ele>
        <time>2026-09-18T00:30:49Z</time>
        <extensions>
          <gpxtpx:TrackPointExtension>
            <gpxtpx:hr>177</gpxtpx:hr>
          </gpxtpx:TrackPointExtension>
        </extensions>
      </trkpt>
      <trkpt lat="30.485727442634477" lon="114.42383981732092">
        <ele>-92.0</ele>
        <time>2026-09-18T00:30:58Z</time>
        <extensions>
          <gpxtpx:TrackPointExtension>
            <gpxtpx:hr>177</gpxtpx:hr>
          </gpxtpx:TrackPointExtension>
        </extensions>
      </trkpt>
      <trkpt lat="30.48566945159142" lon="114.4238338113655">
        <ele>-92.0</ele>
        <time>2026-09-18T00:31:01Z</time>
        <extensions>
          <gpxtpx:TrackPointExtension>
            <gpxtpx:hr>175</gpxtpx:hr>
          </gpxtpx:TrackPointExtension>
        </extensions>
      </trkpt>
      <trkpt lat="30.485609464717726" lon="114.42383081108358">
        <ele>-92.0</ele>
        <time>2026-09-18T00:31:04Z</time>
        <extensions>
          <gpxtpx:TrackPointExtension>
            <gpxtpx:hr>175</gpxtpx:hr>
          </gpxtpx:TrackPointExtension>
        </extensions>
      </trkpt>
      <trkpt lat="30.485547484420874" lon="114.42383282013925">
        <ele>-92.0</ele>
        <time>2026-09-18T00:31:07Z</time>
        <extensions>
          <gpxtpx:TrackPointExtension>
            <gpxtpx:hr>177</gpxtpx:hr>
          </gpxtpx:TrackPointExtension>
        </extensions>
      </trkpt>
      <trkpt lat="30.485485505325034" lon="114.42383583102804">
        <ele>-92.0</ele>
        <time>2026-09-18T00:31:10Z</time>
        <extensions>
          <gpxtpx:TrackPointExtension>
            <gpxtpx:hr>175</gpxtpx:hr>
          </gpxtpx:TrackPointExtension>
        </extensions>
      </trkpt>
      <trkpt lat="30.48542252770938" lon="114.42383984383726">
        <ele>-92.0</ele>
        <time>2026-09-18T00:31:13Z</time>
        <extensions>
          <gpxtpx:TrackPointExtension>
            <gpxtpx:hr>177</gpxtpx:hr>
          </gpxtpx:TrackPointExtension>
        </extensions>
      </trkpt>
      <trkpt lat="30.485358551574244" lon="114.42384485856753">
        <ele>-92.0</ele>
        <time>2026-09-18T00:31:16Z</time>
        <extensions>
          <gpxtpx:TrackPointExtension>
            <gpxtpx:hr>177</gpxtpx:hr>
          </gpxtpx:TrackPointExtension>
        </extensions>
      </trkpt>
      <trkpt lat="30.485295577568138" lon="114.4238518768794">
        <ele>-92.0</ele>
        <time>2026-09-18T00:31:19Z</time>
        <extensions>
          <gpxtpx:TrackPointExtension>
            <gpxtpx:hr>177</gpxtpx:hr>
          </gpxtpx:TrackPointExtension>
        </extensions>
      </trkpt>
      <trkpt lat="30.485231603838812" lon="114.42385889528056">
        <ele>-92.0</ele>
        <time>2026-09-18T00:31:22Z</time>
        <extensions>
          <gpxtpx:TrackPointExtension>
            <gpxtpx:hr>177</gpxtpx:hr>
          </gpxtpx:TrackPointExtension>
        </extensions>
      </trkpt>
      <trkpt lat="30.485167627695642" lon="114.4238639100154">
        <ele>-92.0</ele>
        <time>2026-09-18T00:31:25Z</time>
        <extensions>
          <gpxtpx:TrackPointExtension>
            <gpxtpx:hr>177</gpxtpx:hr>
          </gpxtpx:TrackPointExtension>
        </extensions>
      </trkpt>
      <trkpt lat="30.485103650343387" lon="114.42386792291691">
        <ele>-93.0</ele>
        <time>2026-09-18T00:31:28Z</time>
        <extensions>
          <gpxtpx:TrackPointExtension>
            <gpxtpx:hr>175</gpxtpx:hr>
          </gpxtpx:TrackPointExtension>
        </extensions>
      </trkpt>
      <trkpt lat="30.48504467159573" lon="114.42387193538453">
        <ele>-93.0</ele>
        <time>2026-09-18T00:31:31Z</time>
        <extensions>
          <gpxtpx:TrackPointExtension>
            <gpxtpx:hr>175</gpxtpx:hr>
          </gpxtpx:TrackPointExtension>
        </extensions>
      </trkpt>
      <trkpt lat="30.4849856916389" lon="114.42387494601803">
        <ele>-93.0</ele>
        <time>2026-09-18T00:31:34Z</time>
        <extensions>
          <gpxtpx:TrackPointExtension>
            <gpxtpx:hr>173</gpxtpx:hr>
          </gpxtpx:TrackPointExtension>
        </extensions>
      </trkpt>
      <trkpt lat="30.484986711875376" lon="114.42389197713025">
        <ele>-93.0</ele>
        <time>2026-09-18T00:31:37Z</time>
        <extensions>
          <gpxtpx:TrackPointExtension>
            <gpxtpx:hr>173</gpxtpx:hr>
          </gpxtpx:TrackPointExtension>
        </extensions>
      </trkpt>
      <trkpt lat="30.485040745162923" lon="114.42393204590121">
        <ele>-92.0</ele>
        <time>2026-09-18T00:31:52Z</time>
        <extensions>
          <gpxtpx:TrackPointExtension>
            <gpxtpx:hr>177</gpxtpx:hr>
          </gpxtpx:TrackPointExtension>
        </extensions>
      </trkpt>
      <trkpt lat="30.485088726963365" lon="114.42392803437824">
        <ele>-93.0</ele>
        <time>2026-09-18T00:31:55Z</time>
        <extensions>
          <gpxtpx:TrackPointExtension>
            <gpxtpx:hr>177</gpxtpx:hr>
          </gpxtpx:TrackPointExtension>
        </extensions>
      </trkpt>
      <trkpt lat="30.485142704674264" lon="114.42392201866006">
        <ele>-93.0</ele>
        <time>2026-09-18T00:31:58Z</time>
        <extensions>
          <gpxtpx:TrackPointExtension>
            <gpxtpx:hr>177</gpxtpx:hr>
          </gpxtpx:TrackPointExtension>
        </extensions>
      </trkpt>
      <trkpt lat="30.485203676809586" lon="114.42391299682478">
        <ele>-92.0</ele>
        <time>2026-09-18T00:32:01Z</time>
        <extensions>
          <gpxtpx:TrackPointExtension>
            <gpxtpx:hr>175</gpxtpx:hr>
          </gpxtpx:TrackPointExtension>
        </extensions>
      </trkpt>
      <trkpt lat="30.485265648666108" lon="114.4239039749065">
        <ele>-92.0</ele>
        <time>2026-09-18T00:32:04Z</time>
        <extensions>
          <gpxtpx:TrackPointExtension>
            <gpxtpx:hr>175</gpxtpx:hr>
          </gpxtpx:TrackPointExtension>
        </extensions>
      </trkpt>
      <trkpt lat="30.48532862145092" lon="114.42389595474103">
        <ele>-92.0</ele>
        <time>2026-09-18T00:32:07Z</time>
        <extensions>
          <gpxtpx:TrackPointExtension>
            <gpxtpx:hr>175</gpxtpx:hr>
          </gpxtpx:TrackPointExtension>
        </extensions>
      </trkpt>
      <trkpt lat="30.48539059813436" lon="114.42389094017223">
        <ele>-92.0</ele>
        <time>2026-09-18T00:32:10Z</time>
        <extensions>
          <gpxtpx:TrackPointExtension>
            <gpxtpx:hr>175</gpxtpx:hr>
          </gpxtpx:TrackPointExtension>
        </extensions>
      </trkpt>
      <trkpt lat="30.485451578714652" lon="114.42388893119791">
        <ele>-92.0</ele>
        <time>2026-09-18T00:32:13Z</time>
        <extensions>
          <gpxtpx:TrackPointExtension>
            <gpxtpx:hr>177</gpxtpx:hr>
          </gpxtpx:TrackPointExtension>
        </extensions>
      </trkpt>
      <trkpt lat="30.485510562263062" lon="114.42388892606859">
        <ele>-92.0</ele>
        <time>2026-09-18T00:32:16Z</time>
        <extensions>
          <gpxtpx:TrackPointExtension>
            <gpxtpx:hr>177</gpxtpx:hr>
          </gpxtpx:TrackPointExtension>
        </extensions>
      </trkpt>
      <trkpt lat="30.485570545529075" lon="114.42388892085232">
        <ele>-92.0</ele>
        <time>2026-09-18T00:32:19Z</time>
        <extensions>
          <gpxtpx:TrackPointExtension>
            <gpxtpx:hr>175</gpxtpx:hr>
          </gpxtpx:TrackPointExtension>
        </extensions>
      </trkpt>
      <trkpt lat="30.48563152730554" lon="114.4238879137136">
        <ele>-92.0</ele>
        <time>2026-09-18T00:32:22Z</time>
        <extensions>
          <gpxtpx:TrackPointExtension>
            <gpxtpx:hr>175</gpxtpx:hr>
          </gpxtpx:TrackPointExtension>
        </extensions>
      </trkpt>
      <trkpt lat="30.485691508150513" lon="114.42388590482645">
        <ele>-92.0</ele>
        <time>2026-09-18T00:32:25Z</time>
        <extensions>
          <gpxtpx:TrackPointExtension>
            <gpxtpx:hr>177</gpxtpx:hr>
          </gpxtpx:TrackPointExtension>
        </extensions>
      </trkpt>
      <trkpt lat="30.485752487506208" lon="114.42388289401728">
        <ele>-92.0</ele>
        <time>2026-09-18T00:32:28Z</time>
        <extensions>
          <gpxtpx:TrackPointExtension>
            <gpxtpx:hr>175</gpxtpx:hr>
          </gpxtpx:TrackPointExtension>
        </extensions>
      </trkpt>
      <trkpt lat="30.485814466579416" lon="114.42387988312159">
        <ele>-92.0</ele>
        <time>2026-09-18T00:32:31Z</time>
        <extensions>
          <gpxtpx:TrackPointExtension>
            <gpxtpx:hr>175</gpxtpx:hr>
          </gpxtpx:TrackPointExtension>
        </extensions>
      </trkpt>
      <trkpt lat="30.48587544472198" lon="114.42387587047835">
        <ele>-92.0</ele>
        <time>2026-09-18T00:32:34Z</time>
        <extensions>
          <gpxtpx:TrackPointExtension>
            <gpxtpx:hr>177</gpxtpx:hr>
          </gpxtpx:TrackPointExtension>
        </extensions>
      </trkpt>
      <trkpt lat="30.48593742258224" lon="114.42387185774892">
        <ele>-92.0</ele>
        <time>2026-09-18T00:32:37Z</time>
        <extensions>
          <gpxtpx:TrackPointExtension>
            <gpxtpx:hr>177</gpxtpx:hr>
          </gpxtpx:TrackPointExtension>
        </extensions>
      </trkpt>
      <trkpt lat="30.486406316824176" lon="114.42389285551354">
        <ele>-92.0</ele>
        <time>2026-09-18T00:33:01Z</time>
        <extensions>
          <gpxtpx:TrackPointExtension>
            <gpxtpx:hr>175</gpxtpx:hr>
          </gpxtpx:TrackPointExtension>
        </extensions>
      </trkpt>
      <trkpt lat="30.486465303938164" lon="114.42389585589144">
        <ele>-91.0</ele>
        <time>2026-09-18T00:33:04Z</time>
        <extensions>
          <gpxtpx:TrackPointExtension>
            <gpxtpx:hr>175</gpxtpx:hr>
          </gpxtpx:TrackPointExtension>
        </extensions>
      </trkpt>
      <trkpt lat="30.48652428863431" lon="114.42389685259784">
        <ele>-91.0</ele>
        <time>2026-09-18T00:33:07Z</time>
        <extensions>
          <gpxtpx:TrackPointExtension>
            <gpxtpx:hr>175</gpxtpx:hr>
          </gpxtpx:TrackPointExtension>
        </extensions>
      </trkpt>
      <trkpt lat="30.486584271839728" lon="114.42389684738136">
        <ele>-91.0</ele>
        <time>2026-09-18T00:33:10Z</time>
        <extensions>
          <gpxtpx:TrackPointExtension>
            <gpxtpx:hr>177</gpxtpx:hr>
          </gpxtpx:TrackPointExtension>
        </extensions>
      </trkpt>
      <trkpt lat="30.486645252346975" lon="114.42389483840617">
        <ele>-91.0</ele>
        <time>2026-09-18T00:33:13Z</time>
        <extensions>
          <gpxtpx:TrackPointExtension>
            <gpxtpx:hr>175</gpxtpx:hr>
          </gpxtpx:TrackPointExtension>
        </extensions>
      </trkpt>
      <trkpt lat="30.486705233130742" lon="114.42389282951811">
        <ele>-91.0</ele>
        <time>2026-09-18T00:33:16Z</time>
        <extensions>
          <gpxtpx:TrackPointExtension>
            <gpxtpx:hr>173</gpxtpx:hr>
          </gpxtpx:TrackPointExtension>
        </extensions>
      </trkpt>
      <trkpt lat="30.48676721335086" lon="114.42389082045632">
        <ele>-91.0</ele>
        <time>2026-09-18T00:33:19Z</time>
        <extensions>
          <gpxtpx:TrackPointExtension>
            <gpxtpx:hr>177</gpxtpx:hr>
          </gpxtpx:TrackPointExtension>
        </extensions>
      </trkpt>
      <trkpt lat="30.486831195421026" lon="114.42389081489202">
        <ele>-91.0</ele>
        <time>2026-09-18T00:33:22Z</time>
        <extensions>
          <gpxtpx:TrackPointExtension>
            <gpxtpx:hr>175</gpxtpx:hr>
          </gpxtpx:TrackPointExtension>
        </extensions>
      </trkpt>
      <trkpt lat="30.486895178694212" lon="114.42389181116339">
        <ele>-91.0</ele>
        <time>2026-09-18T00:33:25Z</time>
        <extensions>
          <gpxtpx:TrackPointExtension>
            <gpxtpx:hr>175</gpxtpx:hr>
          </gpxtpx:TrackPointExtension>
        </extensions>
      </trkpt>
      <trkpt lat="30.486959159549116" lon="114.42389080376338">
        <ele>-91.0</ele>
        <time>2026-09-18T00:33:28Z</time>
        <extensions>
          <gpxtpx:TrackPointExtension>
            <gpxtpx:hr>175</gpxtpx:hr>
          </gpxtpx:TrackPointExtension>
        </extensions>
      </trkpt>
      <trkpt lat="30.48702513742525" lon="114.42388779251844">
        <ele>-91.0</ele>
        <time>2026-09-18T00:33:31Z</time>
        <extensions>
          <gpxtpx:TrackPointExtension>
            <gpxtpx:hr>175</gpxtpx:hr>
          </gpxtpx:TrackPointExtension>
        </extensions>
      </trkpt>
      <trkpt lat="30.48708811131184" lon="114.42388077419372">
        <ele>-91.0</ele>
        <time>2026-09-18T00:33:34Z</time>
        <extensions>
          <gpxtpx:TrackPointExtension>
            <gpxtpx:hr>175</gpxtpx:hr>
          </gpxtpx:TrackPointExtension>
        </extensions>
      </trkpt>
      <trkpt lat="30.487151079165468" lon="114.42386874669788">
        <ele>-91.0</ele>
        <time>2026-09-18T00:33:37Z</time>
        <extensions>
          <gpxtpx:TrackPointExtension>
            <gpxtpx:hr>178</gpxtpx:hr>
          </gpxtpx:TrackPointExtension>
        </extensions>
      </trkpt>
      <trkpt lat="30.48765180249439" lon="114.42375549614292">
        <ele>-90.0</ele>
        <time>2026-09-18T00:34:04Z</time>
        <extensions>
          <gpxtpx:TrackPointExtension>
            <gpxtpx:hr>173</gpxtpx:hr>
          </gpxtpx:TrackPointExtension>
        </extensions>
      </trkpt>
      <trkpt lat="30.487706799051857" lon="114.42376550965383">
        <ele>-90.0</ele>
        <time>2026-09-18T00:34:07Z</time>
        <extensions>
          <gpxtpx:TrackPointExtension>
            <gpxtpx:hr>174</gpxtpx:hr>
          </gpxtpx:TrackPointExtension>
        </extensions>
      </trkpt>
      <trkpt lat="30.487761807633532" lon="114.42378554147248">
        <ele>-90.0</ele>
        <time>2026-09-18T00:34:10Z</time>
        <extensions>
          <gpxtpx:TrackPointExtension>
            <gpxtpx:hr>175</gpxtpx:hr>
          </gpxtpx:TrackPointExtension>
        </extensions>
      </trkpt>
      <trkpt lat="30.487815815307428" lon="114.42380457156617">
        <ele>-90.0</ele>
        <time>2026-09-18T00:34:13Z</time>
        <extensions>
          <gpxtpx:TrackPointExtension>
            <gpxtpx:hr>175</gpxtpx:hr>
          </gpxtpx:TrackPointExtension>
        </extensions>
      </trkpt>
      <trkpt lat="30.48786882688804" lon="114.42382660726186">
        <ele>-90.0</ele>
        <time>2026-09-18T00:34:16Z</time>
        <extensions>
          <gpxtpx:TrackPointExtension>
            <gpxtpx:hr>175</gpxtpx:hr>
          </gpxtpx:TrackPointExtension>
        </extensions>
      </trkpt>
      <trkpt lat="30.487918844152084" lon="114.42385265057692">
        <ele>-90.0</ele>
        <time>2026-09-18T00:34:19Z</time>
        <extensions>
          <gpxtpx:TrackPointExtension>
            <gpxtpx:hr>177</gpxtpx:hr>
          </gpxtpx:TrackPointExtension>
        </extensions>
      </trkpt>
      <trkpt lat="30.48796786534426" lon="114.42388169951745">
        <ele>-90.0</ele>
        <time>2026-09-18T00:34:22Z</time>
        <extensions>
          <gpxtpx:TrackPointExtension>
            <gpxtpx:hr>177</gpxtpx:hr>
          </gpxtpx:TrackPointExtension>
        </extensions>
      </trkpt>
      <trkpt lat="30.488017882665652" lon="114.42390774290249">
        <ele>-90.0</ele>
        <time>2026-09-18T00:34:25Z</time>
        <extensions>
          <gpxtpx:TrackPointExtension>
            <gpxtpx:hr>177</gpxtpx:hr>
          </gpxtpx:TrackPointExtension>
        </extensions>
      </trkpt>
      <trkpt lat="30.488067895178528" lon="114.4239297789699">
        <ele>-91.0</ele>
        <time>2026-09-18T00:34:28Z</time>
        <extensions>
          <gpxtpx:TrackPointExtension>
            <gpxtpx:hr>175</gpxtpx:hr>
          </gpxtpx:TrackPointExtension>
        </extensions>
      </trkpt>
      <trkpt lat="30.488118907428518" lon="114.42395181497407">
        <ele>-90.0</ele>
        <time>2026-09-18T00:34:31Z</time>
        <extensions>
          <gpxtpx:TrackPointExtension>
            <gpxtpx:hr>175</gpxtpx:hr>
          </gpxtpx:TrackPointExtension>
        </extensions>
      </trkpt>
      <trkpt lat="30.48817291764176" lon="114.42397284890139">
        <ele>-90.0</ele>
        <time>2026-09-18T00:34:34Z</time>
        <extensions>
          <gpxtpx:TrackPointExtension>
            <gpxtpx:hr>175</gpxtpx:hr>
          </gpxtpx:TrackPointExtension>
        </extensions>
      </trkpt>
      <trkpt lat="30.488229920969285" lon="114.42398887338655">
        <ele>-90.0</ele>
        <time>2026-09-18T00:34:37Z</time>
        <extensions>
          <gpxtpx:TrackPointExtension>
            <gpxtpx:hr>176</gpxtpx:hr>
          </gpxtpx:TrackPointExtension>
        </extensions>
      </trkpt>
      <trkpt lat="30.48874284550528" lon="114.424045933769">
        <ele>-90.0</ele>
        <time>2026-09-18T00:35:01Z</time>
        <extensions>
          <gpxtpx:TrackPointExtension>
            <gpxtpx:hr>177</gpxtpx:hr>
          </gpxtpx:TrackPointExtension>
        </extensions>
      </trkpt>
      <trkpt lat="30.488807825953494" lon="114.42404492627428">
        <ele>-90.0</ele>
        <time>2026-09-18T00:35:04Z</time>
        <extensions>
          <gpxtpx:TrackPointExtension>
            <gpxtpx:hr>177</gpxtpx:hr>
          </gpxtpx:TrackPointExtension>
        </extensions>
      </trkpt>
      <trkpt lat="30.488875801909863" lon="114.42404091298948">
        <ele>-90.0</ele>
        <time>2026-09-18T00:35:07Z</time>
        <extensions>
          <gpxtpx:TrackPointExtension>
            <gpxtpx:hr>177</gpxtpx:hr>
          </gpxtpx:TrackPointExtension>
        </extensions>
      </trkpt>
      <trkpt lat="30.488946775802038" lon="114.42403589760183">
        <ele>-90.0</ele>
        <time>2026-09-18T00:35:10Z</time>
        <extensions>
          <gpxtpx:TrackPointExtension>
            <gpxtpx:hr>177</gpxtpx:hr>
          </gpxtpx:TrackPointExtension>
        </extensions>
      </trkpt>
      <trkpt lat="30.48902074763003" lon="114.42402988011203">
        <ele>-90.0</ele>
        <time>2026-09-18T00:35:13Z</time>
        <extensions>
          <gpxtpx:TrackPointExtension>
            <gpxtpx:hr>177</gpxtpx:hr>
          </gpxtpx:TrackPointExtension>
        </extensions>
      </trkpt>
      <trkpt lat="30.48909472309293" lon="114.42402686815072">
        <ele>-90.0</ele>
        <time>2026-09-18T00:35:16Z</time>
        <extensions>
          <gpxtpx:TrackPointExtension>
            <gpxtpx:hr>175</gpxtpx:hr>
          </gpxtpx:TrackPointExtension>
        </extensions>
      </trkpt>
      <trkpt lat="30.48937666039112" lon="114.42404086942878">
        <ele>-90.0</ele>
        <time>2026-09-18T00:35:30Z</time>
        <extensions>
          <gpxtpx:TrackPointExtension>
            <gpxtpx:hr>175</gpxtpx:hr>
          </gpxtpx:TrackPointExtension>
        </extensions>
      </trkpt>
      <trkpt lat="30.489439649860063" lon="114.42404687501">
        <ele>-90.0</ele>
        <time>2026-09-18T00:35:33Z</time>
        <extensions>
          <gpxtpx:TrackPointExtension>
            <gpxtpx:hr>177</gpxtpx:hr>
          </gpxtpx:TrackPointExtension>
        </extensions>
      </trkpt>
      <trkpt lat="30.489499640175158" lon="114.42405288085384">
        <ele>-90.0</ele>
        <time>2026-09-18T00:35:36Z</time>
        <extensions>
          <gpxtpx:TrackPointExtension>
            <gpxtpx:hr>177</gpxtpx:hr>
          </gpxtpx:TrackPointExtension>
        </extensions>
      </trkpt>
      <trkpt lat="30.48955962927386" lon="114.42405788485556">
        <ele>-90.0</ele>
        <time>2026-09-18T00:35:39Z</time>
        <extensions>
          <gpxtpx:TrackPointExtension>
            <gpxtpx:hr>177</gpxtpx:hr>
          </gpxtpx:TrackPointExtension>
        </extensions>
      </trkpt>
      <trkpt lat="30.489619615941027" lon="114.4240608851704">
        <ele>-90.0</ele>
        <time>2026-09-18T00:35:42Z</time>
        <extensions>
          <gpxtpx:TrackPointExtension>
            <gpxtpx:hr>175</gpxtpx:hr>
          </gpxtpx:TrackPointExtension>
        </extensions>
      </trkpt>
      <trkpt lat="30.48967759345559" lon="114.42405587090798">
        <ele>-90.0</ele>
        <time>2026-09-18T00:35:45Z</time>
        <extensions>
          <gpxtpx:TrackPointExtension>
            <gpxtpx:hr>177</gpxtpx:hr>
          </gpxtpx:TrackPointExtension>
        </extensions>
      </trkpt>
      <trkpt lat="30.489732563319905" lon="114.42404384400423">
        <ele>-90.0</ele>
        <time>2026-09-18T00:35:48Z</time>
        <extensions>
          <gpxtpx:TrackPointExtension>
            <gpxtpx:hr>175</gpxtpx:hr>
          </gpxtpx:TrackPointExtension>
        </extensions>
      </trkpt>
      <trkpt lat="30.489785528901233" lon="114.42402780991142">
        <ele>-90.0</ele>
        <time>2026-09-18T00:35:51Z</time>
        <extensions>
          <gpxtpx:TrackPointExtension>
            <gpxtpx:hr>173</gpxtpx:hr>
          </gpxtpx:TrackPointExtension>
        </extensions>
      </trkpt>
      <trkpt lat="30.48983649020824" lon="114.42400776863893">
        <ele>-90.0</ele>
        <time>2026-09-18T00:35:54Z</time>
        <extensions>
          <gpxtpx:TrackPointExtension>
            <gpxtpx:hr>175</gpxtpx:hr>
          </gpxtpx:TrackPointExtension>
        </extensions>
      </trkpt>
      <trkpt lat="30.489884451168482" lon="114.42398672580637">
        <ele>-90.0</ele>
        <time>2026-09-18T00:35:57Z</time>
        <extensions>
          <gpxtpx:TrackPointExtension>
            <gpxtpx:hr>177</gpxtpx:hr>
          </gpxtpx:TrackPointExtension>
        </extensions>
      </trkpt>
      <trkpt lat="30.48993240972503" lon="114.4239636793167">
        <ele>-91.0</ele>
        <time>2026-09-18T00:36:00Z</time>
        <extensions>
          <gpxtpx:TrackPointExtension>
            <gpxtpx:hr>175</gpxtpx:hr>
          </gpxtpx:TrackPointExtension>
        </extensions>
      </trkpt>
      <trkpt lat="30.490261368554393" lon="114.42400672984323">
        <ele>-91.0</ele>
        <time>2026-09-18T00:36:18Z</time>
        <extensions>
          <gpxtpx:TrackPointExtension>
            <gpxtpx:hr>173</gpxtpx:hr>
          </gpxtpx:TrackPointExtension>
        </extensions>
      </trkpt>
      <trkpt lat="30.490323393420056" lon="114.42404178893015">
        <ele>-91.0</ele>
        <time>2026-09-18T00:36:21Z</time>
        <extensions>
          <gpxtpx:TrackPointExtension>
            <gpxtpx:hr>175</gpxtpx:hr>
          </gpxtpx:TrackPointExtension>
        </extensions>
      </trkpt>
      <trkpt lat="30.490384416188657" lon="114.42407484447445">
        <ele>-91.0</ele>
        <time>2026-09-18T00:36:24Z</time>
        <extensions>
          <gpxtpx:TrackPointExtension>
            <gpxtpx:hr>174</gpxtpx:hr>
          </gpxtpx:TrackPointExtension>
        </extensions>
      </trkpt>
      <trkpt lat="30.49050645089702" lon="114.4241319390934">
        <ele>-90.0</ele>
        <time>2026-09-18T00:36:30Z</time>
        <extensions>
          <gpxtpx:TrackPointExtension>
            <gpxtpx:hr>172</gpxtpx:hr>
          </gpxtpx:TrackPointExtension>
        </extensions>
      </trkpt>
      <trkpt lat="30.490565457289783" lon="114.42415096907425">
        <ele>-90.0</ele>
        <time>2026-09-18T00:36:33Z</time>
        <extensions>
          <gpxtpx:TrackPointExtension>
            <gpxtpx:hr>173</gpxtpx:hr>
          </gpxtpx:TrackPointExtension>
        </extensions>
      </trkpt>
      <trkpt lat="30.490623463978736" lon="114.42416999915969">
        <ele>-90.0</ele>
        <time>2026-09-18T00:36:36Z</time>
        <extensions>
          <gpxtpx:TrackPointExtension>
            <gpxtpx:hr>175</gpxtpx:hr>
          </gpxtpx:TrackPointExtension>
        </extensions>
      </trkpt>
      <trkpt lat="30.490681470680038" lon="114.42418902926278">
        <ele>-90.0</ele>
        <time>2026-09-18T00:36:39Z</time>
        <extensions>
          <gpxtpx:TrackPointExtension>
            <gpxtpx:hr>175</gpxtpx:hr>
          </gpxtpx:TrackPointExtension>
        </extensions>
      </trkpt>
      <trkpt lat="30.49073847889865" lon="114.42420906132169">
        <ele>-90.0</ele>
        <time>2026-09-18T00:36:42Z</time>
        <extensions>
          <gpxtpx:TrackPointExtension>
            <gpxtpx:hr>175</gpxtpx:hr>
          </gpxtpx:TrackPointExtension>
        </extensions>
      </trkpt>
      <trkpt lat="30.490793490143325" lon="114.42423109727856">
        <ele>-90.0</ele>
        <time>2026-09-18T00:36:45Z</time>
        <extensions>
          <gpxtpx:TrackPointExtension>
            <gpxtpx:hr>177</gpxtpx:hr>
          </gpxtpx:TrackPointExtension>
        </extensions>
      </trkpt>
      <trkpt lat="30.49084650319725" lon="114.42425413528642">
        <ele>-90.0</ele>
        <time>2026-09-18T00:36:48Z</time>
        <extensions>
          <gpxtpx:TrackPointExtension>
            <gpxtpx:hr>175</gpxtpx:hr>
          </gpxtpx:TrackPointExtension>
        </extensions>
      </trkpt>
      <trkpt lat="30.49089752051164" lon="114.42428017905789">
        <ele>-90.0</ele>
        <time>2026-09-18T00:36:51Z</time>
        <extensions>
          <gpxtpx:TrackPointExtension>
            <gpxtpx:hr>175</gpxtpx:hr>
          </gpxtpx:TrackPointExtension>
        </extensions>
      </trkpt>
      <trkpt lat="30.490946537196287" lon="114.42430522118033">
        <ele>-90.0</ele>
        <time>2026-09-18T00:36:54Z</time>
        <extensions>
          <gpxtpx:TrackPointExtension>
            <gpxtpx:hr>173</gpxtpx:hr>
          </gpxtpx:TrackPointExtension>
        </extensions>
      </trkpt>
      <trkpt lat="30.490995556358122" lon="114.42433226704769">
        <ele>-89.0</ele>
        <time>2026-09-18T00:36:57Z</time>
        <extensions>
          <gpxtpx:TrackPointExtension>
            <gpxtpx:hr>173</gpxtpx:hr>
          </gpxtpx:TrackPointExtension>
        </extensions>
      </trkpt>
      <trkpt lat="30.491044574321826" lon="114.42435831109208">
        <ele>-89.0</ele>
        <time>2026-09-18T00:37:00Z</time>
        <extensions>
          <gpxtpx:TrackPointExtension>
            <gpxtpx:hr>173</gpxtpx:hr>
          </gpxtpx:TrackPointExtension>
        </extensions>
      </trkpt>
      <trkpt lat="30.491093591084006" lon="114.42438335330972">
        <ele>-89.0</ele>
        <time>2026-09-18T00:37:03Z</time>
        <extensions>
          <gpxtpx:TrackPointExtension>
            <gpxtpx:hr>173</gpxtpx:hr>
          </gpxtpx:TrackPointExtension>
        </extensions>
      </trkpt>
      <trkpt lat="30.49114360881604" lon="114.42440939733187">
        <ele>-89.0</ele>
        <time>2026-09-18T00:37:06Z</time>
        <extensions>
          <gpxtpx:TrackPointExtension>
            <gpxtpx:hr>171</gpxtpx:hr>
          </gpxtpx:TrackPointExtension>
        </extensions>
      </trkpt>
      <trkpt lat="30.4911946262904" lon="114.42443544130009">
        <ele>-89.0</ele>
        <time>2026-09-18T00:37:09Z</time>
        <extensions>
          <gpxtpx:TrackPointExtension>
            <gpxtpx:hr>173</gpxtpx:hr>
          </gpxtpx:TrackPointExtension>
        </extensions>
      </trkpt>
      <trkpt lat="30.491298660750132" lon="114.42448752916155">
        <ele>-89.0</ele>
        <time>2026-09-18T00:37:15Z</time>
        <extensions>
          <gpxtpx:TrackPointExtension>
            <gpxtpx:hr>174</gpxtpx:hr>
          </gpxtpx:TrackPointExtension>
        </extensions>
      </trkpt>
      <trkpt lat="30.4914527243383" lon="114.42457467819439">
        <ele>-88.0</ele>
        <time>2026-09-18T00:37:22Z</time>
        <extensions>
          <gpxtpx:TrackPointExtension>
            <gpxtpx:hr>175</gpxtpx:hr>
          </gpxtpx:TrackPointExtension>
        </extensions>
      </trkpt>
      <trkpt lat="30.491506744842503" lon="114.42460372772214">
        <ele>-89.0</ele>
        <time>2026-09-18T00:37:26Z</time>
        <extensions>
          <gpxtpx:TrackPointExtension>
            <gpxtpx:hr>173</gpxtpx:hr>
          </gpxtpx:TrackPointExtension>
        </extensions>
      </trkpt>
      <trkpt lat="30.491562762332013" lon="114.42463077337337">
        <ele>-88.0</ele>
        <time>2026-09-18T00:37:29Z</time>
        <extensions>
          <gpxtpx:TrackPointExtension>
            <gpxtpx:hr>172</gpxtpx:hr>
          </gpxtpx:TrackPointExtension>
        </extensions>
      </trkpt>
      <trkpt lat="30.49162077803976" lon="114.42465681701314">
        <ele>-88.0</ele>
        <time>2026-09-18T00:37:32Z</time>
        <extensions>
          <gpxtpx:TrackPointExtension>
            <gpxtpx:hr>171</gpxtpx:hr>
          </gpxtpx:TrackPointExtension>
        </extensions>
      </trkpt>
      <trkpt lat="30.49167879377347" lon="114.42468286068589">
        <ele>-88.0</ele>
        <time>2026-09-18T00:37:35Z</time>
        <extensions>
          <gpxtpx:TrackPointExtension>
            <gpxtpx:hr>173</gpxtpx:hr>
          </gpxtpx:TrackPointExtension>
        </extensions>
      </trkpt>
      <trkpt lat="30.491736807048078" lon="114.42470690064053">
        <ele>-88.0</ele>
        <time>2026-09-18T00:37:38Z</time>
        <extensions>
          <gpxtpx:TrackPointExtension>
            <gpxtpx:hr>175</gpxtpx:hr>
          </gpxtpx:TrackPointExtension>
        </extensions>
      </trkpt>
      <trkpt lat="30.491794820344307" lon="114.42473094062322">
        <ele>-87.0</ele>
        <time>2026-09-18T00:37:41Z</time>
        <extensions>
          <gpxtpx:TrackPointExtension>
            <gpxtpx:hr>175</gpxtpx:hr>
          </gpxtpx:TrackPointExtension>
        </extensions>
      </trkpt>
      <trkpt lat="30.491852832417603" lon="114.42475397875621">
        <ele>-87.0</ele>
        <time>2026-09-18T00:37:44Z</time>
        <extensions>
          <gpxtpx:TrackPointExtension>
            <gpxtpx:hr>177</gpxtpx:hr>
          </gpxtpx:TrackPointExtension>
        </extensions>
      </trkpt>
      <trkpt lat="30.49190684689701" lon="114.42477801914164">
        <ele>-87.0</ele>
        <time>2026-09-18T00:37:47Z</time>
        <extensions>
          <gpxtpx:TrackPointExtension>
            <gpxtpx:hr>177</gpxtpx:hr>
          </gpxtpx:TrackPointExtension>
        </extensions>
      </trkpt>
      <trkpt lat="30.491957863500993" lon="114.42480306169608">
        <ele>-87.0</ele>
        <time>2026-09-18T00:37:50Z</time>
        <extensions>
          <gpxtpx:TrackPointExtension>
            <gpxtpx:hr>175</gpxtpx:hr>
          </gpxtpx:TrackPointExtension>
        </extensions>
      </trkpt>
      <trkpt lat="30.492005882233265" lon="114.4248291064232">
        <ele>-87.0</ele>
        <time>2026-09-18T00:37:53Z</time>
        <extensions>
          <gpxtpx:TrackPointExtension>
            <gpxtpx:hr>174</gpxtpx:hr>
          </gpxtpx:TrackPointExtension>
        </extensions>
      </trkpt>
      <trkpt lat="30.492052902526844" lon="114.42485615315287">
        <ele>-87.0</ele>
        <time>2026-09-18T00:37:56Z</time>
        <extensions>
          <gpxtpx:TrackPointExtension>
            <gpxtpx:hr>172</gpxtpx:hr>
          </gpxtpx:TrackPointExtension>
        </extensions>
      </trkpt>
      <trkpt lat="30.49223498946946" lon="114.42496734661214">
        <ele>-86.0</ele>
        <time>2026-09-18T00:38:08Z</time>
        <extensions>
          <gpxtpx:TrackPointExtension>
            <gpxtpx:hr>177</gpxtpx:hr>
          </gpxtpx:TrackPointExtension>
        </extensions>
      </trkpt>
      <trkpt lat="30.492431104389468" lon="114.42510358680691">
        <ele>-85.0</ele>
        <time>2026-09-18T00:38:21Z</time>
        <extensions>
          <gpxtpx:TrackPointExtension>
            <gpxtpx:hr>176</gpxtpx:hr>
          </gpxtpx:TrackPointExtension>
        </extensions>
      </trkpt>
      <trkpt lat="30.49249914168274" lon="114.42514866620748">
        <ele>-85.0</ele>
        <time>2026-09-18T00:38:24Z</time>
        <extensions>
          <gpxtpx:TrackPointExtension>
            <gpxtpx:hr>175</gpxtpx:hr>
          </gpxtpx:TrackPointExtension>
        </extensions>
      </trkpt>
      <trkpt lat="30.492608185029894" lon="114.42520776873425">
        <ele>-85.0</ele>
        <time>2026-09-18T00:38:29Z</time>
        <extensions>
          <gpxtpx:TrackPointExtension>
            <gpxtpx:hr>175</gpxtpx:hr>
          </gpxtpx:TrackPointExtension>
        </extensions>
      </trkpt>
      <trkpt lat="30.49264619313031" lon="114.42522279393293">
        <ele>-85.0</ele>
        <time>2026-09-18T00:38:32Z</time>
        <extensions>
          <gpxtpx:TrackPointExtension>
            <gpxtpx:hr>175</gpxtpx:hr>
          </gpxtpx:TrackPointExtension>
        </extensions>
      </trkpt>
      <trkpt lat="30.49268519715687" lon="114.42523481335206">
        <ele>-84.0</ele>
        <time>2026-09-18T00:38:35Z</time>
        <extensions>
          <gpxtpx:TrackPointExtension>
            <gpxtpx:hr>173</gpxtpx:hr>
          </gpxtpx:TrackPointExtension>
        </extensions>
      </trkpt>
      <trkpt lat="30.492724197390853" lon="114.42524382707334">
        <ele>-85.0</ele>
        <time>2026-09-18T00:38:38Z</time>
        <extensions>
          <gpxtpx:TrackPointExtension>
            <gpxtpx:hr>167</gpxtpx:hr>
          </gpxtpx:TrackPointExtension>
        </extensions>
      </trkpt>
      <trkpt lat="30.49280318491603" lon="114.4252518354191">
        <ele>-85.0</ele>
        <time>2026-09-18T00:38:44Z</time>
        <extensions>
          <gpxtpx:TrackPointExtension>
            <gpxtpx:hr>164</gpxtpx:hr>
          </gpxtpx:TrackPointExtension>
        </extensions>
      </trkpt>
      <trkpt lat="30.492844179514297" lon="114.4252568413649">
        <ele>-84.0</ele>
        <time>2026-09-18T00:38:47Z</time>
        <extensions>
          <gpxtpx:TrackPointExtension>
            <gpxtpx:hr>164</gpxtpx:hr>
          </gpxtpx:TrackPointExtension>
        </extensions>
      </trkpt>
      <trkpt lat="30.49288517411197" lon="114.42526184731189">
        <ele>-84.0</ele>
        <time>2026-09-18T00:38:50Z</time>
        <extensions>
          <gpxtpx:TrackPointExtension>
            <gpxtpx:hr>162</gpxtpx:hr>
          </gpxtpx:TrackPointExtension>
        </extensions>
      </trkpt>
      <trkpt lat="30.492926169975757" lon="114.42526785516279">
        <ele>-84.0</ele>
        <time>2026-09-18T00:38:53Z</time>
        <extensions>
          <gpxtpx:TrackPointExtension>
            <gpxtpx:hr>162</gpxtpx:hr>
          </gpxtpx:TrackPointExtension>
        </extensions>
      </trkpt>
      <trkpt lat="30.492966164858753" lon="114.42527286119939">
        <ele>-84.0</ele>
        <time>2026-09-18T00:38:56Z</time>
        <extensions>
          <gpxtpx:TrackPointExtension>
            <gpxtpx:hr>162</gpxtpx:hr>
          </gpxtpx:TrackPointExtension>
        </extensions>
      </trkpt>
      <trkpt lat="30.493007159454894" lon="114.42527786715026">
        <ele>-84.0</ele>
        <time>2026-09-18T00:38:59Z</time>
        <extensions>
          <gpxtpx:TrackPointExtension>
            <gpxtpx:hr>162</gpxtpx:hr>
          </gpxtpx:TrackPointExtension>
        </extensions>
      </trkpt>
      <trkpt lat="30.49325410263963" lon="114.42528886661445">
        <ele>-83.0</ele>
        <time>2026-09-18T00:39:17Z</time>
        <extensions>
          <gpxtpx:TrackPointExtension>
            <gpxtpx:hr>162</gpxtpx:hr>
          </gpxtpx:TrackPointExtension>
        </extensions>
      </trkpt>
      <trkpt lat="30.49329310160448" lon="114.42529687845524">
        <ele>-83.0</ele>
        <time>2026-09-18T00:39:20Z</time>
        <extensions>
          <gpxtpx:TrackPointExtension>
            <gpxtpx:hr>162</gpxtpx:hr>
          </gpxtpx:TrackPointExtension>
        </extensions>
      </trkpt>
      <trkpt lat="30.493369119146408" lon="114.42532793089896">
        <ele>-83.0</ele>
        <time>2026-09-18T00:39:26Z</time>
        <extensions>
          <gpxtpx:TrackPointExtension>
            <gpxtpx:hr>160</gpxtpx:hr>
          </gpxtpx:TrackPointExtension>
        </extensions>
      </trkpt>
      <trkpt lat="30.493405136760167" lon="114.42534996970468">
        <ele>-83.0</ele>
        <time>2026-09-18T00:39:29Z</time>
        <extensions>
          <gpxtpx:TrackPointExtension>
            <gpxtpx:hr>152</gpxtpx:hr>
          </gpxtpx:TrackPointExtension>
        </extensions>
      </trkpt>
      <trkpt lat="30.493442154106774" lon="114.42537200844696">
        <ele>-82.0</ele>
        <time>2026-09-18T00:39:32Z</time>
        <extensions>
          <gpxtpx:TrackPointExtension>
            <gpxtpx:hr>134</gpxtpx:hr>
          </gpxtpx:TrackPointExtension>
        </extensions>
      </trkpt>
      <trkpt lat="30.493478171759737" lon="114.42539404729966">
        <ele>-82.0</ele>
        <time>2026-09-18T00:39:35Z</time>
        <extensions>
          <gpxtpx:TrackPointExtension>
            <gpxtpx:hr>116</gpxtpx:hr>
          </gpxtpx:TrackPointExtension>
        </extensions>
      </trkpt>
      <trkpt lat="30.49351319353875" lon="114.4254190919927">
        <ele>-82.0</ele>
        <time>2026-09-18T00:39:38Z</time>
        <extensions>
          <gpxtpx:TrackPointExtension>
            <gpxtpx:hr>98</gpxtpx:hr>
          </gpxtpx:TrackPointExtension>
        </extensions>
      </trkpt>
      <trkpt lat="30.493547216904776" lon="114.42544513871425">
        <ele>-82.0</ele>
        <time>2026-09-18T00:39:41Z</time>
        <extensions>
          <gpxtpx:TrackPointExtension>
            <gpxtpx:hr>93</gpxtpx:hr>
          </gpxtpx:TrackPointExtension>
        </extensions>
      </trkpt>
      <trkpt lat="30.49366030190698" lon="114.42553730493526">
        <ele>-82.0</ele>
        <time>2026-09-18T00:39:48Z</time>
        <extensions>
          <gpxtpx:TrackPointExtension>
            <gpxtpx:hr>87</gpxtpx:hr>
          </gpxtpx:TrackPointExtension>
        </extensions>
      </trkpt>
      <trkpt lat="30.49370131955304" lon="114.42556034544621">
        <ele>-82.0</ele>
        <time>2026-09-18T00:39:51Z</time>
        <extensions>
          <gpxtpx:TrackPointExtension>
            <gpxtpx:hr>89</gpxtpx:hr>
          </gpxtpx:TrackPointExtension>
        </extensions>
      </trkpt>
      <trkpt lat="30.493741328546" lon="114.42557637264498">
        <ele>-81.0</ele>
        <time>2026-09-18T00:39:54Z</time>
        <extensions>
          <gpxtpx:TrackPointExtension>
            <gpxtpx:hr>88</gpxtpx:hr>
          </gpxtpx:TrackPointExtension>
        </extensions>
      </trkpt>
      <trkpt lat="30.493781320902574" lon="114.42557937492074">
        <ele>-81.0</ele>
        <time>2026-09-18T00:40:00Z</time>
        <extensions>
          <gpxtpx:TrackPointExtension>
            <gpxtpx:hr>90</gpxtpx:hr>
          </gpxtpx:TrackPointExtension>
        </extensions>
      </trkpt>
      <trkpt lat="30.493820298184634" lon="114.42557035427203">
        <ele>-81.0</ele>
        <time>2026-09-18T00:40:03Z</time>
        <extensions>
          <gpxtpx:TrackPointExtension>
            <gpxtpx:hr>89</gpxtpx:hr>
          </gpxtpx:TrackPointExtension>
        </extensions>
      </trkpt>
      <trkpt lat="30.493855254874013" lon="114.42554430139423">
        <ele>-81.0</ele>
        <time>2026-09-18T00:40:06Z</time>
        <extensions>
          <gpxtpx:TrackPointExtension>
            <gpxtpx:hr>90</gpxtpx:hr>
          </gpxtpx:TrackPointExtension>
        </extensions>
      </trkpt>
      <trkpt lat="30.493884194156497" lon="114.4255032203535">
        <ele>-81.0</ele>
        <time>2026-09-18T00:40:09Z</time>
        <extensions>
          <gpxtpx:TrackPointExtension>
            <gpxtpx:hr>88</gpxtpx:hr>
          </gpxtpx:TrackPointExtension>
        </extensions>
      </trkpt>
      <trkpt lat="30.493906120223116" lon="114.42545011706066">
        <ele>-81.0</ele>
        <time>2026-09-18T00:40:12Z</time>
        <extensions>
          <gpxtpx:TrackPointExtension>
            <gpxtpx:hr>90</gpxtpx:hr>
          </gpxtpx:TrackPointExtension>
        </extensions>
      </trkpt>
      <trkpt lat="30.493924039926526" lon="114.42539100279866">
        <ele>-81.0</ele>
        <time>2026-09-18T00:40:15Z</time>
        <extensions>
          <gpxtpx:TrackPointExtension>
            <gpxtpx:hr>89</gpxtpx:hr>
          </gpxtpx:TrackPointExtension>
        </extensions>
      </trkpt>
      <trkpt lat="30.49393995273832" lon="114.42532587744512">
        <ele>-81.0</ele>
        <time>2026-09-18T00:40:18Z</time>
        <extensions>
          <gpxtpx:TrackPointExtension>
            <gpxtpx:hr>88</gpxtpx:hr>
          </gpxtpx:TrackPointExtension>
        </extensions>
      </trkpt>
      <trkpt lat="30.49410895299944" lon="114.42456543034677">
        <ele>-81.0</ele>
        <time>2026-09-18T00:40:48Z</time>
        <extensions>
          <gpxtpx:TrackPointExtension>
            <gpxtpx:hr>109</gpxtpx:hr>
          </gpxtpx:TrackPointExtension>
        </extensions>
      </trkpt>
      <trkpt lat="30.49412386718178" lon="114.4244993058172">
        <ele>-82.0</ele>
        <time>2026-09-18T00:40:51Z</time>
        <extensions>
          <gpxtpx:TrackPointExtension>
            <gpxtpx:hr>111</gpxtpx:hr>
          </gpxtpx:TrackPointExtension>
        </extensions>
      </trkpt>
      <trkpt lat="30.49413878770675" lon="114.42443819081157">
        <ele>-82.0</ele>
        <time>2026-09-18T00:40:54Z</time>
        <extensions>
          <gpxtpx:TrackPointExtension>
            <gpxtpx:hr>111</gpxtpx:hr>
          </gpxtpx:TrackPointExtension>
        </extensions>
      </trkpt>
      <trkpt lat="30.494155709046336" lon="114.42437807767283">
        <ele>-82.0</ele>
        <time>2026-09-18T00:40:57Z</time>
        <extensions>
          <gpxtpx:TrackPointExtension>
            <gpxtpx:hr>113</gpxtpx:hr>
          </gpxtpx:TrackPointExtension>
        </extensions>
      </trkpt>
      <trkpt lat="30.494175632130872" lon="114.42431996816201">
        <ele>-82.0</ele>
        <time>2026-09-18T00:41:00Z</time>
        <extensions>
          <gpxtpx:TrackPointExtension>
            <gpxtpx:hr>113</gpxtpx:hr>
          </gpxtpx:TrackPointExtension>
        </extensions>
      </trkpt>
      <trkpt lat="30.49419655629689" lon="114.42426286058213">
        <ele>-82.0</ele>
        <time>2026-09-18T00:41:03Z</time>
        <extensions>
          <gpxtpx:TrackPointExtension>
            <gpxtpx:hr>110</gpxtpx:hr>
          </gpxtpx:TrackPointExtension>
        </extensions>
      </trkpt>
      <trkpt lat="30.494218480316142" lon="114.42420575307376">
        <ele>-82.0</ele>
        <time>2026-09-18T00:41:06Z</time>
        <extensions>
          <gpxtpx:TrackPointExtension>
            <gpxtpx:hr>107</gpxtpx:hr>
          </gpxtpx:TrackPointExtension>
        </extensions>
      </trkpt>
      <trkpt lat="30.494239404763736" lon="114.42414864581083">
        <ele>-82.0</ele>
        <time>2026-09-18T00:41:09Z</time>
        <extensions>
          <gpxtpx:TrackPointExtension>
            <gpxtpx:hr>104</gpxtpx:hr>
          </gpxtpx:TrackPointExtension>
        </extensions>
      </trkpt>
      <trkpt lat="30.49426133149633" lon="114.42409354231077">
        <ele>-82.0</ele>
        <time>2026-09-18T00:41:12Z</time>
        <extensions>
          <gpxtpx:TrackPointExtension>
            <gpxtpx:hr>101</gpxtpx:hr>
          </gpxtpx:TrackPointExtension>
        </extensions>
      </trkpt>
      <trkpt lat="30.49428725963668" lon="114.4240404422966">
        <ele>-82.0</ele>
        <time>2026-09-18T00:41:15Z</time>
        <extensions>
          <gpxtpx:TrackPointExtension>
            <gpxtpx:hr>96</gpxtpx:hr>
          </gpxtpx:TrackPointExtension>
        </extensions>
      </trkpt>
      <trkpt lat="30.494313189109906" lon="114.42398834426011">
        <ele>-82.0</ele>
        <time>2026-09-18T00:41:18Z</time>
        <extensions>
          <gpxtpx:TrackPointExtension>
            <gpxtpx:hr>96</gpxtpx:hr>
          </gpxtpx:TrackPointExtension>
        </extensions>
      </trkpt>
      <trkpt lat="30.494536651960686" lon="114.42359460521119">
        <ele>-82.0</ele>
        <time>2026-09-18T00:41:39Z</time>
        <extensions>
          <gpxtpx:TrackPointExtension>
            <gpxtpx:hr>124</gpxtpx:hr>
          </gpxtpx:TrackPointExtension>
        </extensions>
      </trkpt>
      <trkpt lat="30.494568547350834" lon="114.42351445687659">
        <ele>-82.0</ele>
        <time>2026-09-18T00:41:42Z</time>
        <extensions>
          <gpxtpx:TrackPointExtension>
            <gpxtpx:hr>122</gpxtpx:hr>
          </gpxtpx:TrackPointExtension>
        </extensions>
      </trkpt>
      <trkpt lat="30.4946203294028" lon="114.4233431422886">
        <ele>-82.0</ele>
        <time>2026-09-18T00:41:48Z</time>
        <extensions>
          <gpxtpx:TrackPointExtension>
            <gpxtpx:hr>120</gpxtpx:hr>
          </gpxtpx:TrackPointExtension>
        </extensions>
      </trkpt>
      <trkpt lat="30.494646220316742" lon="114.42325698462942">
        <ele>-82.0</ele>
        <time>2026-09-18T00:41:51Z</time>
        <extensions>
          <gpxtpx:TrackPointExtension>
            <gpxtpx:hr>116</gpxtpx:hr>
          </gpxtpx:TrackPointExtension>
        </extensions>
      </trkpt>
      <trkpt lat="30.49467211037735" lon="114.42316982553221">
        <ele>-82.0</ele>
        <time>2026-09-18T00:41:54Z</time>
        <extensions>
          <gpxtpx:TrackPointExtension>
            <gpxtpx:hr>103</gpxtpx:hr>
          </gpxtpx:TrackPointExtension>
        </extensions>
      </trkpt>
      <trkpt lat="30.49469400660812" lon="114.42308667433976">
        <ele>-82.0</ele>
        <time>2026-09-18T00:41:57Z</time>
        <extensions>
          <gpxtpx:TrackPointExtension>
            <gpxtpx:hr>103</gpxtpx:hr>
          </gpxtpx:TrackPointExtension>
        </extensions>
      </trkpt>
      <trkpt lat="30.494714915114283" lon="114.42301354149905">
        <ele>-82.0</ele>
        <time>2026-09-18T00:42:00Z</time>
        <extensions>
          <gpxtpx:TrackPointExtension>
            <gpxtpx:hr>104</gpxtpx:hr>
          </gpxtpx:TrackPointExtension>
        </extensions>
      </trkpt>
      <trkpt lat="30.494731836664418" lon="114.42295042716367">
        <ele>-82.0</ele>
        <time>2026-09-18T00:42:03Z</time>
        <extensions>
          <gpxtpx:TrackPointExtension>
            <gpxtpx:hr>104</gpxtpx:hr>
          </gpxtpx:TrackPointExtension>
        </extensions>
      </trkpt>
      <trkpt lat="30.494750764792755" lon="114.42289332357048">
        <ele>-83.0</ele>
        <time>2026-09-18T00:42:06Z</time>
        <extensions>
          <gpxtpx:TrackPointExtension>
            <gpxtpx:hr>107</gpxtpx:hr>
          </gpxtpx:TrackPointExtension>
        </extensions>
      </trkpt>
      <trkpt lat="30.494769700030538" lon="114.4228422308431">
        <ele>-82.0</ele>
        <time>2026-09-18T00:42:09Z</time>
        <extensions>
          <gpxtpx:TrackPointExtension>
            <gpxtpx:hr>108</gpxtpx:hr>
          </gpxtpx:TrackPointExtension>
        </extensions>
      </trkpt>
      <trkpt lat="30.49479264350409" lon="114.42279915215325">
        <ele>-82.0</ele>
        <time>2026-09-18T00:42:12Z</time>
        <extensions>
          <gpxtpx:TrackPointExtension>
            <gpxtpx:hr>107</gpxtpx:hr>
          </gpxtpx:TrackPointExtension>
        </extensions>
      </trkpt>
      <trkpt lat="30.494820596037847" lon="114.42276508914394">
        <ele>-82.0</ele>
        <time>2026-09-18T00:42:15Z</time>
        <extensions>
          <gpxtpx:TrackPointExtension>
            <gpxtpx:hr>106</gpxtpx:hr>
          </gpxtpx:TrackPointExtension>
        </extensions>
      </trkpt>
      <trkpt lat="30.49485155701065" lon="114.42273904016459">
        <ele>-82.0</ele>
        <time>2026-09-18T00:42:18Z</time>
        <extensions>
          <gpxtpx:TrackPointExtension>
            <gpxtpx:hr>112</gpxtpx:hr>
          </gpxtpx:TrackPointExtension>
        </extensions>
      </trkpt>
      <trkpt lat="30.495131788614163" lon="114.42213695514558">
        <ele>-83.0</ele>
        <time>2026-09-18T00:42:48Z</time>
        <extensions>
          <gpxtpx:TrackPointExtension>
            <gpxtpx:hr>122</gpxtpx:hr>
          </gpxtpx:TrackPointExtension>
        </extensions>
      </trkpt>
      <trkpt lat="30.495150654536765" lon="114.42202275432608">
        <ele>-83.0</ele>
        <time>2026-09-18T00:42:51Z</time>
        <extensions>
          <gpxtpx:TrackPointExtension>
            <gpxtpx:hr>122</gpxtpx:hr>
          </gpxtpx:TrackPointExtension>
        </extensions>
      </trkpt>
      <trkpt lat="30.495168523559535" lon="114.42191055771184">
        <ele>-83.0</ele>
        <time>2026-09-18T00:42:54Z</time>
        <extensions>
          <gpxtpx:TrackPointExtension>
            <gpxtpx:hr>122</gpxtpx:hr>
          </gpxtpx:TrackPointExtension>
        </extensions>
      </trkpt>
      <trkpt lat="30.495185416861005" lon="114.42181939821182">
        <ele>-83.0</ele>
        <time>2026-09-18T00:42:57Z</time>
        <extensions>
          <gpxtpx:TrackPointExtension>
            <gpxtpx:hr>124</gpxtpx:hr>
          </gpxtpx:TrackPointExtension>
        </extensions>
      </trkpt>
      <trkpt lat="30.49520432107754" lon="114.42173825624656">
        <ele>-83.0</ele>
        <time>2026-09-18T00:43:00Z</time>
        <extensions>
          <gpxtpx:TrackPointExtension>
            <gpxtpx:hr>124</gpxtpx:hr>
          </gpxtpx:TrackPointExtension>
        </extensions>
      </trkpt>
      <trkpt lat="30.495229236057995" lon="114.42166813307487">
        <ele>-83.0</ele>
        <time>2026-09-18T00:43:03Z</time>
        <extensions>
          <gpxtpx:TrackPointExtension>
            <gpxtpx:hr>124</gpxtpx:hr>
          </gpxtpx:TrackPointExtension>
        </extensions>
      </trkpt>
      <trkpt lat="30.495257152601525" lon="114.42160001333092">
        <ele>-84.0</ele>
        <time>2026-09-18T00:43:06Z</time>
        <extensions>
          <gpxtpx:TrackPointExtension>
            <gpxtpx:hr>126</gpxtpx:hr>
          </gpxtpx:TrackPointExtension>
        </extensions>
      </trkpt>
      <trkpt lat="30.49528507486825" lon="114.42153690241635">
        <ele>-84.0</ele>
        <time>2026-09-18T00:43:09Z</time>
        <extensions>
          <gpxtpx:TrackPointExtension>
            <gpxtpx:hr>112</gpxtpx:hr>
          </gpxtpx:TrackPointExtension>
        </extensions>
      </trkpt>
      <trkpt lat="30.495311001190696" lon="114.42147679702376">
        <ele>-84.0</ele>
        <time>2026-09-18T00:43:12Z</time>
        <extensions>
          <gpxtpx:TrackPointExtension>
            <gpxtpx:hr>101</gpxtpx:hr>
          </gpxtpx:TrackPointExtension>
        </extensions>
      </trkpt>
      <trkpt lat="30.49533593015758" lon="114.42141869532497">
        <ele>-84.0</ele>
        <time>2026-09-18T00:43:15Z</time>
        <extensions>
          <gpxtpx:TrackPointExtension>
            <gpxtpx:hr>103</gpxtpx:hr>
          </gpxtpx:TrackPointExtension>
        </extensions>
      </trkpt>
      <trkpt lat="30.49536086036847" lon="114.42136159550414">
        <ele>-84.0</ele>
        <time>2026-09-18T00:43:18Z</time>
        <extensions>
          <gpxtpx:TrackPointExtension>
            <gpxtpx:hr>104</gpxtpx:hr>
          </gpxtpx:TrackPointExtension>
        </extensions>
      </trkpt>
      <trkpt lat="30.49624322726682" lon="114.41908575760066">
        <ele>-87.0</ele>
        <time>2026-09-18T00:45:06Z</time>
        <extensions>
          <gpxtpx:TrackPointExtension>
            <gpxtpx:hr>121</gpxtpx:hr>
          </gpxtpx:TrackPointExtension>
        </extensions>
      </trkpt>
      <trkpt lat="30.496275155341387" lon="114.41902265418962">
        <ele>-87.0</ele>
        <time>2026-09-18T00:45:09Z</time>
        <extensions>
          <gpxtpx:TrackPointExtension>
            <gpxtpx:hr>121</gpxtpx:hr>
          </gpxtpx:TrackPointExtension>
        </extensions>
      </trkpt>
      <trkpt lat="30.49630808429206" lon="114.41896055248206">
        <ele>-88.0</ele>
        <time>2026-09-18T00:45:12Z</time>
        <extensions>
          <gpxtpx:TrackPointExtension>
            <gpxtpx:hr>120</gpxtpx:hr>
          </gpxtpx:TrackPointExtension>
        </extensions>
      </trkpt>
      <trkpt lat="30.49634401550669" lon="114.41890145547377">
        <ele>-88.0</ele>
        <time>2026-09-18T00:45:15Z</time>
        <extensions>
          <gpxtpx:TrackPointExtension>
            <gpxtpx:hr>120</gpxtpx:hr>
          </gpxtpx:TrackPointExtension>
        </extensions>
      </trkpt>
      <trkpt lat="30.49637995081585" lon="114.41884636498628">
        <ele>-88.0</ele>
        <time>2026-09-18T00:45:18Z</time>
        <extensions>
          <gpxtpx:TrackPointExtension>
            <gpxtpx:hr>120</gpxtpx:hr>
          </gpxtpx:TrackPointExtension>
        </extensions>
      </trkpt>
      <trkpt lat="30.496413888803602" lon="114.41879327799224">
        <ele>-88.0</ele>
        <time>2026-09-18T00:45:21Z</time>
        <extensions>
          <gpxtpx:TrackPointExtension>
            <gpxtpx:hr>120</gpxtpx:hr>
          </gpxtpx:TrackPointExtension>
        </extensions>
      </trkpt>
      <trkpt lat="30.496445828475323" lon="114.41874119289416">
        <ele>-88.0</ele>
        <time>2026-09-18T00:45:24Z</time>
        <extensions>
          <gpxtpx:TrackPointExtension>
            <gpxtpx:hr>110</gpxtpx:hr>
          </gpxtpx:TrackPointExtension>
        </extensions>
      </trkpt>
      <trkpt lat="30.496474771092526" lon="114.41869111135043">
        <ele>-88.0</ele>
        <time>2026-09-18T00:45:27Z</time>
        <extensions>
          <gpxtpx:TrackPointExtension>
            <gpxtpx:hr>103</gpxtpx:hr>
          </gpxtpx:TrackPointExtension>
        </extensions>
      </trkpt>
      <trkpt lat="30.49650171147121" lon="114.41863802537603">
        <ele>-89.0</ele>
        <time>2026-09-18T00:45:30Z</time>
        <extensions>
          <gpxtpx:TrackPointExtension>
            <gpxtpx:hr>105</gpxtpx:hr>
          </gpxtpx:TrackPointExtension>
        </extensions>
      </trkpt>
      <trkpt lat="30.496526649632784" lon="114.41858193499476">
        <ele>-89.0</ele>
        <time>2026-09-18T00:45:33Z</time>
        <extensions>
          <gpxtpx:TrackPointExtension>
            <gpxtpx:hr>107</gpxtpx:hr>
          </gpxtpx:TrackPointExtension>
        </extensions>
      </trkpt>
      <trkpt lat="30.496546590353788" lon="114.41852684677642">
        <ele>-89.0</ele>
        <time>2026-09-18T00:45:36Z</time>
        <extensions>
          <gpxtpx:TrackPointExtension>
            <gpxtpx:hr>107</gpxtpx:hr>
          </gpxtpx:TrackPointExtension>
        </extensions>
      </trkpt>
      <trkpt lat="30.496651333876226" lon="114.4182924714042">
        <ele>-89.0</ele>
        <time>2026-09-18T00:45:51Z</time>
        <extensions>
          <gpxtpx:TrackPointExtension>
            <gpxtpx:hr>111</gpxtpx:hr>
          </gpxtpx:TrackPointExtension>
        </extensions>
      </trkpt>
      <trkpt lat="30.496679294075854" lon="114.41825941753874">
        <ele>-90.0</ele>
        <time>2026-09-18T00:45:54Z</time>
        <extensions>
          <gpxtpx:TrackPointExtension>
            <gpxtpx:hr>111</gpxtpx:hr>
          </gpxtpx:TrackPointExtension>
        </extensions>
      </trkpt>
      <trkpt lat="30.496711252205273" lon="114.41822536182354">
        <ele>-90.0</ele>
        <time>2026-09-18T00:45:57Z</time>
        <extensions>
          <gpxtpx:TrackPointExtension>
            <gpxtpx:hr>111</gpxtpx:hr>
          </gpxtpx:TrackPointExtension>
        </extensions>
      </trkpt>
      <trkpt lat="30.49674718724278" lon="114.41816827008486">
        <ele>-90.0</ele>
        <time>2026-09-18T00:46:00Z</time>
        <extensions>
          <gpxtpx:TrackPointExtension>
            <gpxtpx:hr>111</gpxtpx:hr>
          </gpxtpx:TrackPointExtension>
        </extensions>
      </trkpt>
      <trkpt lat="30.496776118739117" lon="114.418105169818">
        <ele>-90.0</ele>
        <time>2026-09-18T00:46:03Z</time>
        <extensions>
          <gpxtpx:TrackPointExtension>
            <gpxtpx:hr>111</gpxtpx:hr>
          </gpxtpx:TrackPointExtension>
        </extensions>
      </trkpt>
      <trkpt lat="30.49680004711458" lon="114.4180370624521">
        <ele>-90.0</ele>
        <time>2026-09-18T00:46:06Z</time>
        <extensions>
          <gpxtpx:TrackPointExtension>
            <gpxtpx:hr>111</gpxtpx:hr>
          </gpxtpx:TrackPointExtension>
        </extensions>
      </trkpt>
      <trkpt lat="30.496815970447223" lon="114.41796094367125">
        <ele>-91.0</ele>
        <time>2026-09-18T00:46:12Z</time>
        <extensions>
          <gpxtpx:TrackPointExtension>
            <gpxtpx:hr>129</gpxtpx:hr>
          </gpxtpx:TrackPointExtension>
        </extensions>
      </trkpt>
      <trkpt lat="30.496831882728884" lon="114.4178728067168">
        <ele>-91.0</ele>
        <time>2026-09-18T00:46:15Z</time>
        <extensions>
          <gpxtpx:TrackPointExtension>
            <gpxtpx:hr>129</gpxtpx:hr>
          </gpxtpx:TrackPointExtension>
        </extensions>
      </trkpt>
      <trkpt lat="30.496848795065407" lon="114.41778467006313">
        <ele>-91.0</ele>
        <time>2026-09-18T00:46:18Z</time>
        <extensions>
          <gpxtpx:TrackPointExtension>
            <gpxtpx:hr>129</gpxtpx:hr>
          </gpxtpx:TrackPointExtension>
        </extensions>
      </trkpt>
      <trkpt lat="30.4969116869248" lon="114.41768851755783">
        <ele>-91.0</ele>
        <time>2026-09-18T00:46:21Z</time>
        <extensions>
          <gpxtpx:TrackPointExtension>
            <gpxtpx:hr>127</gpxtpx:hr>
          </gpxtpx:TrackPointExtension>
        </extensions>
      </trkpt>
      <trkpt lat="30.49696158761372" lon="114.41759737426807">
        <ele>-91.0</ele>
        <time>2026-09-18T00:46:27Z</time>
        <extensions>
          <gpxtpx:TrackPointExtension>
            <gpxtpx:hr>128</gpxtpx:hr>
          </gpxtpx:TrackPointExtension>
        </extensions>
      </trkpt>
      <trkpt lat="30.497017491556978" lon="114.41751123847105">
        <ele>-92.0</ele>
        <time>2026-09-18T00:46:30Z</time>
        <extensions>
          <gpxtpx:TrackPointExtension>
            <gpxtpx:hr>128</gpxtpx:hr>
          </gpxtpx:TrackPointExtension>
        </extensions>
      </trkpt>
      <trkpt lat="30.49708039656105" lon="114.41742810698298">
        <ele>-92.0</ele>
        <time>2026-09-18T00:46:33Z</time>
        <extensions>
          <gpxtpx:TrackPointExtension>
            <gpxtpx:hr>139</gpxtpx:hr>
          </gpxtpx:TrackPointExtension>
        </extensions>
      </trkpt>
      <trkpt lat="30.49714830684745" lon="114.41735198598903">
        <ele>-92.0</ele>
        <time>2026-09-18T00:46:36Z</time>
        <extensions>
          <gpxtpx:TrackPointExtension>
            <gpxtpx:hr>142</gpxtpx:hr>
          </gpxtpx:TrackPointExtension>
        </extensions>
      </trkpt>
      <trkpt lat="30.497217219843282" lon="114.41727886972298">
        <ele>-93.0</ele>
        <time>2026-09-18T00:47:04Z</time>
        <extensions>
          <gpxtpx:TrackPointExtension>
            <gpxtpx:hr>123</gpxtpx:hr>
          </gpxtpx:TrackPointExtension>
        </extensions>
      </trkpt>
      <trkpt lat="30.497278142697525" lon="114.41721376646147">
        <ele>-93.0</ele>
        <time>2026-09-18T00:47:07Z</time>
        <extensions>
          <gpxtpx:TrackPointExtension>
            <gpxtpx:hr>123</gpxtpx:hr>
          </gpxtpx:TrackPointExtension>
        </extensions>
      </trkpt>
      <trkpt lat="30.497320077628977" lon="114.4171556755819">
        <ele>-93.0</ele>
        <time>2026-09-18T00:47:10Z</time>
        <extensions>
          <gpxtpx:TrackPointExtension>
            <gpxtpx:hr>121</gpxtpx:hr>
          </gpxtpx:TrackPointExtension>
        </extensions>
      </trkpt>
      <trkpt lat="30.497343025493496" lon="114.41710559852304">
        <ele>-93.0</ele>
        <time>2026-09-18T00:47:13Z</time>
        <extensions>
          <gpxtpx:TrackPointExtension>
            <gpxtpx:hr>118</gpxtpx:hr>
          </gpxtpx:TrackPointExtension>
        </extensions>
      </trkpt>
      <trkpt lat="30.497356973368582" lon="114.4170525178816">
        <ele>-93.0</ele>
        <time>2026-09-18T00:47:16Z</time>
        <extensions>
          <gpxtpx:TrackPointExtension>
            <gpxtpx:hr>120</gpxtpx:hr>
          </gpxtpx:TrackPointExtension>
        </extensions>
      </trkpt>
      <trkpt lat="30.497358923051042" lon="114.41699743543724">
        <ele>-93.0</ele>
        <time>2026-09-18T00:47:19Z</time>
        <extensions>
          <gpxtpx:TrackPointExtension>
            <gpxtpx:hr>119</gpxtpx:hr>
          </gpxtpx:TrackPointExtension>
        </extensions>
      </trkpt>
      <trkpt lat="30.497347877548123" lon="114.41694335576862">
        <ele>-93.0</ele>
        <time>2026-09-18T00:47:25Z</time>
        <extensions>
          <gpxtpx:TrackPointExtension>
            <gpxtpx:hr>114</gpxtpx:hr>
          </gpxtpx:TrackPointExtension>
        </extensions>
      </trkpt>
      <trkpt lat="30.497324834765063" lon="114.41688827580258">
        <ele>-93.0</ele>
        <time>2026-09-18T00:47:31Z</time>
        <extensions>
          <gpxtpx:TrackPointExtension>
            <gpxtpx:hr>111</gpxtpx:hr>
          </gpxtpx:TrackPointExtension>
        </extensions>
      </trkpt>
      <trkpt lat="30.497306780813204" lon="114.41682217920784">
        <ele>-93.0</ele>
        <time>2026-09-18T00:47:34Z</time>
        <extensions>
          <gpxtpx:TrackPointExtension>
            <gpxtpx:hr>110</gpxtpx:hr>
          </gpxtpx:TrackPointExtension>
        </extensions>
      </trkpt>
      <trkpt lat="30.49730171970896" lon="114.41675207577083">
        <ele>-93.0</ele>
        <time>2026-09-18T00:47:37Z</time>
        <extensions>
          <gpxtpx:TrackPointExtension>
            <gpxtpx:hr>109</gpxtpx:hr>
          </gpxtpx:TrackPointExtension>
        </extensions>
      </trkpt>
      <trkpt lat="30.49731365210529" lon="114.41667996814232">
        <ele>-93.0</ele>
        <time>2026-09-18T00:47:40Z</time>
        <extensions>
          <gpxtpx:TrackPointExtension>
            <gpxtpx:hr>109</gpxtpx:hr>
          </gpxtpx:TrackPointExtension>
        </extensions>
      </trkpt>
      <trkpt lat="30.49733658685099" lon="114.41661386866656">
        <ele>-93.0</ele>
        <time>2026-09-18T00:47:43Z</time>
        <extensions>
          <gpxtpx:TrackPointExtension>
            <gpxtpx:hr>106</gpxtpx:hr>
          </gpxtpx:TrackPointExtension>
        </extensions>
      </trkpt>
      <trkpt lat="30.497373520370562" lon="114.41655077260623">
        <ele>-92.0</ele>
        <time>2026-09-18T00:47:46Z</time>
        <extensions>
          <gpxtpx:TrackPointExtension>
            <gpxtpx:hr>100</gpxtpx:hr>
          </gpxtpx:TrackPointExtension>
        </extensions>
      </trkpt>
      <trkpt lat="30.49742044939847" lon="114.41648567293676">
        <ele>-92.0</ele>
        <time>2026-09-18T00:47:49Z</time>
        <extensions>
          <gpxtpx:TrackPointExtension>
            <gpxtpx:hr>101</gpxtpx:hr>
          </gpxtpx:TrackPointExtension>
        </extensions>
      </trkpt>
      <trkpt lat="30.497478375414506" lon="114.41642057252156">
        <ele>-92.0</ele>
        <time>2026-09-18T00:47:52Z</time>
        <extensions>
          <gpxtpx:TrackPointExtension>
            <gpxtpx:hr>105</gpxtpx:hr>
          </gpxtpx:TrackPointExtension>
        </extensions>
      </trkpt>
      <trkpt lat="30.497539309489888" lon="114.41636548668222">
        <ele>-92.0</ele>
        <time>2026-09-18T00:47:55Z</time>
        <extensions>
          <gpxtpx:TrackPointExtension>
            <gpxtpx:hr>107</gpxtpx:hr>
          </gpxtpx:TrackPointExtension>
        </extensions>
      </trkpt>
      <trkpt lat="30.497600248059435" lon="114.41631540829539">
        <ele>-92.0</ele>
        <time>2026-09-18T00:47:58Z</time>
        <extensions>
          <gpxtpx:TrackPointExtension>
            <gpxtpx:hr>107</gpxtpx:hr>
          </gpxtpx:TrackPointExtension>
        </extensions>
      </trkpt>
      <trkpt lat="30.49765618558121" lon="114.41626232609681">
        <ele>-92.0</ele>
        <time>2026-09-18T00:48:01Z</time>
        <extensions>
          <gpxtpx:TrackPointExtension>
            <gpxtpx:hr>108</gpxtpx:hr>
          </gpxtpx:TrackPointExtension>
        </extensions>
      </trkpt>
      <trkpt lat="30.497706122368456" lon="114.41620624019764">
        <ele>-92.0</ele>
        <time>2026-09-18T00:48:04Z</time>
        <extensions>
          <gpxtpx:TrackPointExtension>
            <gpxtpx:hr>108</gpxtpx:hr>
          </gpxtpx:TrackPointExtension>
        </extensions>
      </trkpt>
      <trkpt lat="30.49774805816174" lon="114.41614614934568">
        <ele>-92.0</ele>
        <time>2026-09-18T00:48:07Z</time>
        <extensions>
          <gpxtpx:TrackPointExtension>
            <gpxtpx:hr>109</gpxtpx:hr>
          </gpxtpx:TrackPointExtension>
        </extensions>
      </trkpt>
      <trkpt lat="30.49778599355434" lon="114.41608405612591">
        <ele>-92.0</ele>
        <time>2026-09-18T00:48:10Z</time>
        <extensions>
          <gpxtpx:TrackPointExtension>
            <gpxtpx:hr>110</gpxtpx:hr>
          </gpxtpx:TrackPointExtension>
        </extensions>
      </trkpt>
      <trkpt lat="30.497819929422807" lon="114.4160209620025">
        <ele>-92.0</ele>
        <time>2026-09-18T00:48:13Z</time>
        <extensions>
          <gpxtpx:TrackPointExtension>
            <gpxtpx:hr>109</gpxtpx:hr>
          </gpxtpx:TrackPointExtension>
        </extensions>
      </trkpt>
      <trkpt lat="30.49784886349771" lon="114.41595386274571">
        <ele>-92.0</ele>
        <time>2026-09-18T00:48:16Z</time>
        <extensions>
          <gpxtpx:TrackPointExtension>
            <gpxtpx:hr>107</gpxtpx:hr>
          </gpxtpx:TrackPointExtension>
        </extensions>
      </trkpt>
      <trkpt lat="30.497874794379907" lon="114.41588175678336">
        <ele>-91.0</ele>
        <time>2026-09-18T00:48:19Z</time>
        <extensions>
          <gpxtpx:TrackPointExtension>
            <gpxtpx:hr>105</gpxtpx:hr>
          </gpxtpx:TrackPointExtension>
        </extensions>
      </trkpt>
      <trkpt lat="30.497897723817676" lon="114.41580664703913">
        <ele>-91.0</ele>
        <time>2026-09-18T00:48:22Z</time>
        <extensions>
          <gpxtpx:TrackPointExtension>
            <gpxtpx:hr>107</gpxtpx:hr>
          </gpxtpx:TrackPointExtension>
        </extensions>
      </trkpt>
      <trkpt lat="30.49791965295181" lon="114.41573053623436">
        <ele>-91.0</ele>
        <time>2026-09-18T00:48:25Z</time>
        <extensions>
          <gpxtpx:TrackPointExtension>
            <gpxtpx:hr>105</gpxtpx:hr>
          </gpxtpx:TrackPointExtension>
        </extensions>
      </trkpt>
      <trkpt lat="30.497941583187455" lon="114.41565542714751">
        <ele>-91.0</ele>
        <time>2026-09-18T00:48:28Z</time>
        <extensions>
          <gpxtpx:TrackPointExtension>
            <gpxtpx:hr>107</gpxtpx:hr>
          </gpxtpx:TrackPointExtension>
        </extensions>
      </trkpt>
      <trkpt lat="30.497963515354332" lon="114.41558232119063">
        <ele>-91.0</ele>
        <time>2026-09-18T00:48:31Z</time>
        <extensions>
          <gpxtpx:TrackPointExtension>
            <gpxtpx:hr>103</gpxtpx:hr>
          </gpxtpx:TrackPointExtension>
        </extensions>
      </trkpt>
      <trkpt lat="30.497987449686867" lon="114.41551221958727">
        <ele>-91.0</ele>
        <time>2026-09-18T00:48:34Z</time>
        <extensions>
          <gpxtpx:TrackPointExtension>
            <gpxtpx:hr>106</gpxtpx:hr>
          </gpxtpx:TrackPointExtension>
        </extensions>
      </trkpt>
      <trkpt lat="30.49801138507214" lon="114.41544311964715">
        <ele>-91.0</ele>
        <time>2026-09-18T00:48:37Z</time>
        <extensions>
          <gpxtpx:TrackPointExtension>
            <gpxtpx:hr>107</gpxtpx:hr>
          </gpxtpx:TrackPointExtension>
        </extensions>
      </trkpt>
      <trkpt lat="30.498138026385107" lon="114.41505256003312">
        <ele>-91.0</ele>
        <time>2026-09-18T00:48:55Z</time>
        <extensions>
          <gpxtpx:TrackPointExtension>
            <gpxtpx:hr>113</gpxtpx:hr>
          </gpxtpx:TrackPointExtension>
        </extensions>
      </trkpt>
      <trkpt lat="30.498154970920186" lon="114.41499047205322">
        <ele>-91.0</ele>
        <time>2026-09-18T00:48:58Z</time>
        <extensions>
          <gpxtpx:TrackPointExtension>
            <gpxtpx:hr>111</gpxtpx:hr>
          </gpxtpx:TrackPointExtension>
        </extensions>
      </trkpt>
      <trkpt lat="30.498201819610028" lon="114.41482023177899">
        <ele>-90.0</ele>
        <time>2026-09-18T00:49:07Z</time>
        <extensions>
          <gpxtpx:TrackPointExtension>
            <gpxtpx:hr>107</gpxtpx:hr>
          </gpxtpx:TrackPointExtension>
        </extensions>
      </trkpt>
      <trkpt lat="30.49821376945941" lon="114.41476215048822">
        <ele>-90.0</ele>
        <time>2026-09-18T00:49:10Z</time>
        <extensions>
          <gpxtpx:TrackPointExtension>
            <gpxtpx:hr>109</gpxtpx:hr>
          </gpxtpx:TrackPointExtension>
        </extensions>
      </trkpt>
      <trkpt lat="30.49822671836778" lon="114.41470306790097">
        <ele>-90.0</ele>
        <time>2026-09-18T00:49:13Z</time>
        <extensions>
          <gpxtpx:TrackPointExtension>
            <gpxtpx:hr>107</gpxtpx:hr>
          </gpxtpx:TrackPointExtension>
        </extensions>
      </trkpt>
      <trkpt lat="30.498239665836934" lon="114.41464198273725">
        <ele>-90.0</ele>
        <time>2026-09-18T00:49:16Z</time>
        <extensions>
          <gpxtpx:TrackPointExtension>
            <gpxtpx:hr>112</gpxtpx:hr>
          </gpxtpx:TrackPointExtension>
        </extensions>
      </trkpt>
      <trkpt lat="30.49824661283795" lon="114.41457789416552">
        <ele>-90.0</ele>
        <time>2026-09-18T00:49:19Z</time>
        <extensions>
          <gpxtpx:TrackPointExtension>
            <gpxtpx:hr>109</gpxtpx:hr>
          </gpxtpx:TrackPointExtension>
        </extensions>
      </trkpt>
      <trkpt lat="30.498252560314523" lon="114.41451380588767">
        <ele>-90.0</ele>
        <time>2026-09-18T00:49:22Z</time>
        <extensions>
          <gpxtpx:TrackPointExtension>
            <gpxtpx:hr>108</gpxtpx:hr>
          </gpxtpx:TrackPointExtension>
        </extensions>
      </trkpt>
      <trkpt lat="30.498263511252187" lon="114.41445572557987">
        <ele>-90.0</ele>
        <time>2026-09-18T00:49:25Z</time>
        <extensions>
          <gpxtpx:TrackPointExtension>
            <gpxtpx:hr>107</gpxtpx:hr>
          </gpxtpx:TrackPointExtension>
        </extensions>
      </trkpt>
      <trkpt lat="30.498274464701186" lon="114.41440064953325">
        <ele>-90.0</ele>
        <time>2026-09-18T00:49:28Z</time>
        <extensions>
          <gpxtpx:TrackPointExtension>
            <gpxtpx:hr>108</gpxtpx:hr>
          </gpxtpx:TrackPointExtension>
        </extensions>
      </trkpt>
      <trkpt lat="30.49828842133354" lon="114.41435058018399">
        <ele>-90.0</ele>
        <time>2026-09-18T00:49:31Z</time>
        <extensions>
          <gpxtpx:TrackPointExtension>
            <gpxtpx:hr>107</gpxtpx:hr>
          </gpxtpx:TrackPointExtension>
        </extensions>
      </trkpt>
      <trkpt lat="30.498303380916134" lon="114.41430451630947">
        <ele>-90.0</ele>
        <time>2026-09-18T00:49:34Z</time>
        <extensions>
          <gpxtpx:TrackPointExtension>
            <gpxtpx:hr>112</gpxtpx:hr>
          </gpxtpx:TrackPointExtension>
        </extensions>
      </trkpt>
      <trkpt lat="30.49832134362149" lon="114.41426345906446">
        <ele>-90.0</ele>
        <time>2026-09-18T00:49:37Z</time>
        <extensions>
          <gpxtpx:TrackPointExtension>
            <gpxtpx:hr>109</gpxtpx:hr>
          </gpxtpx:TrackPointExtension>
        </extensions>
      </trkpt>
      <trkpt lat="30.498339307180935" lon="114.41422340325923">
        <ele>-90.0</ele>
        <time>2026-09-18T00:49:40Z</time>
        <extensions>
          <gpxtpx:TrackPointExtension>
            <gpxtpx:hr>107</gpxtpx:hr>
          </gpxtpx:TrackPointExtension>
        </extensions>
      </trkpt>
      <trkpt lat="30.49835527061829" lon="114.41418234635618">
        <ele>-90.0</ele>
        <time>2026-09-18T00:49:43Z</time>
        <extensions>
          <gpxtpx:TrackPointExtension>
            <gpxtpx:hr>108</gpxtpx:hr>
          </gpxtpx:TrackPointExtension>
        </extensions>
      </trkpt>
      <trkpt lat="30.49837023364749" lon="114.41414028827445">
        <ele>-90.0</ele>
        <time>2026-09-18T00:49:46Z</time>
        <extensions>
          <gpxtpx:TrackPointExtension>
            <gpxtpx:hr>113</gpxtpx:hr>
          </gpxtpx:TrackPointExtension>
        </extensions>
      </trkpt>
      <trkpt lat="30.498384193181785" lon="114.4140932236266">
        <ele>-90.0</ele>
        <time>2026-09-18T00:49:49Z</time>
        <extensions>
          <gpxtpx:TrackPointExtension>
            <gpxtpx:hr>116</gpxtpx:hr>
          </gpxtpx:TrackPointExtension>
        </extensions>
      </trkpt>
      <trkpt lat="30.498397149252924" lon="114.41404115244823">
        <ele>-90.0</ele>
        <time>2026-09-18T00:49:52Z</time>
        <extensions>
          <gpxtpx:TrackPointExtension>
            <gpxtpx:hr>115</gpxtpx:hr>
          </gpxtpx:TrackPointExtension>
        </extensions>
      </trkpt>
      <trkpt lat="30.498450031686634" lon="114.41390796929667">
        <ele>-90.0</ele>
        <time>2026-09-18T00:50:02Z</time>
        <extensions>
          <gpxtpx:TrackPointExtension>
            <gpxtpx:hr>115</gpxtpx:hr>
          </gpxtpx:TrackPointExtension>
        </extensions>
      </trkpt>
      <trkpt lat="30.498472999001613" lon="114.4138739217959">
        <ele>-90.0</ele>
        <time>2026-09-18T00:50:05Z</time>
        <extensions>
          <gpxtpx:TrackPointExtension>
            <gpxtpx:hr>114</gpxtpx:hr>
          </gpxtpx:TrackPointExtension>
        </extensions>
      </trkpt>
      <trkpt lat="30.49849796959323" lon="114.4138448808577">
        <ele>-90.0</ele>
        <time>2026-09-18T00:50:08Z</time>
        <extensions>
          <gpxtpx:TrackPointExtension>
            <gpxtpx:hr>118</gpxtpx:hr>
          </gpxtpx:TrackPointExtension>
        </extensions>
      </trkpt>
      <trkpt lat="30.498522946308057" lon="114.4138238506384">
        <ele>-91.0</ele>
        <time>2026-09-18T00:50:11Z</time>
        <extensions>
          <gpxtpx:TrackPointExtension>
            <gpxtpx:hr>132</gpxtpx:hr>
          </gpxtpx:TrackPointExtension>
        </extensions>
      </trkpt>
      <trkpt lat="30.498553926611873" lon="114.41380982925561">
        <ele>-91.0</ele>
        <time>2026-09-18T00:50:14Z</time>
        <extensions>
          <gpxtpx:TrackPointExtension>
            <gpxtpx:hr>131</gpxtpx:hr>
          </gpxtpx:TrackPointExtension>
        </extensions>
      </trkpt>
      <trkpt lat="30.49858790376902" lon="114.41379280362153">
        <ele>-91.0</ele>
        <time>2026-09-18T00:50:17Z</time>
        <extensions>
          <gpxtpx:TrackPointExtension>
            <gpxtpx:hr>118</gpxtpx:hr>
          </gpxtpx:TrackPointExtension>
        </extensions>
      </trkpt>
      <trkpt lat="30.498619877728615" lon="114.41377077151532">
        <ele>-91.0</ele>
        <time>2026-09-18T00:50:20Z</time>
        <extensions>
          <gpxtpx:TrackPointExtension>
            <gpxtpx:hr>112</gpxtpx:hr>
          </gpxtpx:TrackPointExtension>
        </extensions>
      </trkpt>
      <trkpt lat="30.498644844665307" lon="114.41373672407562">
        <ele>-90.0</ele>
        <time>2026-09-18T00:50:23Z</time>
        <extensions>
          <gpxtpx:TrackPointExtension>
            <gpxtpx:hr>111</gpxtpx:hr>
          </gpxtpx:TrackPointExtension>
        </extensions>
      </trkpt>
      <trkpt lat="30.49866280689973" lon="114.41369366534862">
        <ele>-90.0</ele>
        <time>2026-09-18T00:50:26Z</time>
        <extensions>
          <gpxtpx:TrackPointExtension>
            <gpxtpx:hr>116</gpxtpx:hr>
          </gpxtpx:TrackPointExtension>
        </extensions>
      </trkpt>
      <trkpt lat="30.498674762687113" lon="114.41363959265487">
        <ele>-90.0</ele>
        <time>2026-09-18T00:50:29Z</time>
        <extensions>
          <gpxtpx:TrackPointExtension>
            <gpxtpx:hr>114</gpxtpx:hr>
          </gpxtpx:TrackPointExtension>
        </extensions>
      </trkpt>
      <trkpt lat="30.498682713023403" lon="114.41357650855468">
        <ele>-91.0</ele>
        <time>2026-09-18T00:50:32Z</time>
        <extensions>
          <gpxtpx:TrackPointExtension>
            <gpxtpx:hr>113</gpxtpx:hr>
          </gpxtpx:TrackPointExtension>
        </extensions>
      </trkpt>
      <trkpt lat="30.498482405031158" lon="114.41307987636175">
        <ele>-91.0</ele>
        <time>2026-09-18T00:50:53Z</time>
        <extensions>
          <gpxtpx:TrackPointExtension>
            <gpxtpx:hr>107</gpxtpx:hr>
          </gpxtpx:TrackPointExtension>
        </extensions>
      </trkpt>
      <trkpt lat="30.498417290900317" lon="114.41289564420326">
        <ele>-91.0</ele>
        <time>2026-09-18T00:51:02Z</time>
        <extensions>
          <gpxtpx:TrackPointExtension>
            <gpxtpx:hr>107</gpxtpx:hr>
          </gpxtpx:TrackPointExtension>
        </extensions>
      </trkpt>
      <trkpt lat="30.498420239075166" lon="114.41282455263139">
        <ele>-91.0</ele>
        <time>2026-09-18T00:51:05Z</time>
        <extensions>
          <gpxtpx:TrackPointExtension>
            <gpxtpx:hr>105</gpxtpx:hr>
          </gpxtpx:TrackPointExtension>
        </extensions>
      </trkpt>
      <trkpt lat="30.49843018044629" lon="114.41274645174119">
        <ele>-91.0</ele>
        <time>2026-09-18T00:51:08Z</time>
        <extensions>
          <gpxtpx:TrackPointExtension>
            <gpxtpx:hr>105</gpxtpx:hr>
          </gpxtpx:TrackPointExtension>
        </extensions>
      </trkpt>
      <trkpt lat="30.49844211654611" lon="114.41266134205132">
        <ele>-91.0</ele>
        <time>2026-09-18T00:51:11Z</time>
        <extensions>
          <gpxtpx:TrackPointExtension>
            <gpxtpx:hr>107</gpxtpx:hr>
          </gpxtpx:TrackPointExtension>
        </extensions>
      </trkpt>
      <trkpt lat="30.498458047575983" lon="114.41257022474926">
        <ele>-91.0</ele>
        <time>2026-09-18T00:51:17Z</time>
        <extensions>
          <gpxtpx:TrackPointExtension>
            <gpxtpx:hr>103</gpxtpx:hr>
          </gpxtpx:TrackPointExtension>
        </extensions>
      </trkpt>
      <trkpt lat="30.49847297506852" lon="114.41247310035375">
        <ele>-91.0</ele>
        <time>2026-09-18T00:51:20Z</time>
        <extensions>
          <gpxtpx:TrackPointExtension>
            <gpxtpx:hr>107</gpxtpx:hr>
          </gpxtpx:TrackPointExtension>
        </extensions>
      </trkpt>
      <trkpt lat="30.498483902760466" lon="114.41237397426023">
        <ele>-91.0</ele>
        <time>2026-09-18T00:51:23Z</time>
        <extensions>
          <gpxtpx:TrackPointExtension>
            <gpxtpx:hr>108</gpxtpx:hr>
          </gpxtpx:TrackPointExtension>
        </extensions>
      </trkpt>
      <trkpt lat="30.498492832860215" lon="114.41227685135038">
        <ele>-91.0</ele>
        <time>2026-09-18T00:51:26Z</time>
        <extensions>
          <gpxtpx:TrackPointExtension>
            <gpxtpx:hr>107</gpxtpx:hr>
          </gpxtpx:TrackPointExtension>
        </extensions>
      </trkpt>
      <trkpt lat="30.498505765652144" lon="114.41218473482738">
        <ele>-91.0</ele>
        <time>2026-09-18T00:51:29Z</time>
        <extensions>
          <gpxtpx:TrackPointExtension>
            <gpxtpx:hr>105</gpxtpx:hr>
          </gpxtpx:TrackPointExtension>
        </extensions>
      </trkpt>
      <trkpt lat="30.498522703124017" lon="114.41210062836409">
        <ele>-91.0</ele>
        <time>2026-09-18T00:51:32Z</time>
        <extensions>
          <gpxtpx:TrackPointExtension>
            <gpxtpx:hr>105</gpxtpx:hr>
          </gpxtpx:TrackPointExtension>
        </extensions>
      </trkpt>
      <trkpt lat="30.498682253162237" lon="114.41149787251133">
        <ele>-91.0</ele>
        <time>2026-09-18T00:51:56Z</time>
        <extensions>
          <gpxtpx:TrackPointExtension>
            <gpxtpx:hr>106</gpxtpx:hr>
          </gpxtpx:TrackPointExtension>
        </extensions>
      </trkpt>
      <trkpt lat="30.498688191222783" lon="114.41140576022495">
        <ele>-91.0</ele>
        <time>2026-09-18T00:52:08Z</time>
        <extensions>
          <gpxtpx:TrackPointExtension>
            <gpxtpx:hr>107</gpxtpx:hr>
          </gpxtpx:TrackPointExtension>
        </extensions>
      </trkpt>
      <trkpt lat="30.498690133425367" lon="114.41131765354793">
        <ele>-91.0</ele>
        <time>2026-09-18T00:52:11Z</time>
        <extensions>
          <gpxtpx:TrackPointExtension>
            <gpxtpx:hr>111</gpxtpx:hr>
          </gpxtpx:TrackPointExtension>
        </extensions>
      </trkpt>
      <trkpt lat="30.498694892705153" lon="114.4109432048554">
        <ele>-91.0</ele>
        <time>2026-09-18T00:52:18Z</time>
        <extensions>
          <gpxtpx:TrackPointExtension>
            <gpxtpx:hr>107</gpxtpx:hr>
          </gpxtpx:TrackPointExtension>
        </extensions>
      </trkpt>
      <trkpt lat="30.498698832394414" lon="114.41084909295846">
        <ele>-91.0</ele>
        <time>2026-09-18T00:52:21Z</time>
        <extensions>
          <gpxtpx:TrackPointExtension>
            <gpxtpx:hr>107</gpxtpx:hr>
          </gpxtpx:TrackPointExtension>
        </extensions>
      </trkpt>
      <trkpt lat="30.49870476940734" lon="114.41075097661748">
        <ele>-91.0</ele>
        <time>2026-09-18T00:52:24Z</time>
        <extensions>
          <gpxtpx:TrackPointExtension>
            <gpxtpx:hr>118</gpxtpx:hr>
          </gpxtpx:TrackPointExtension>
        </extensions>
      </trkpt>
      <trkpt lat="30.498714703830963" lon="114.41064985689192">
        <ele>-91.0</ele>
        <time>2026-09-18T00:52:27Z</time>
        <extensions>
          <gpxtpx:TrackPointExtension>
            <gpxtpx:hr>116</gpxtpx:hr>
          </gpxtpx:TrackPointExtension>
        </extensions>
      </trkpt>
      <trkpt lat="30.498724639941866" lon="114.41055074002192">
        <ele>-91.0</ele>
        <time>2026-09-18T00:52:30Z</time>
        <extensions>
          <gpxtpx:TrackPointExtension>
            <gpxtpx:hr>113</gpxtpx:hr>
          </gpxtpx:TrackPointExtension>
        </extensions>
      </trkpt>
      <trkpt lat="30.498736578347728" lon="114.41045562813166">
        <ele>-91.0</ele>
        <time>2026-09-18T00:52:33Z</time>
        <extensions>
          <gpxtpx:TrackPointExtension>
            <gpxtpx:hr>107</gpxtpx:hr>
          </gpxtpx:TrackPointExtension>
        </extensions>
      </trkpt>
      <trkpt lat="30.49874951747366" lon="114.41036151777149">
        <ele>-91.0</ele>
        <time>2026-09-18T00:52:36Z</time>
        <extensions>
          <gpxtpx:TrackPointExtension>
            <gpxtpx:hr>103</gpxtpx:hr>
          </gpxtpx:TrackPointExtension>
        </extensions>
      </trkpt>
      <trkpt lat="30.498762455195802" lon="114.41026440439511">
        <ele>-91.0</ele>
        <time>2026-09-18T00:52:39Z</time>
        <extensions>
          <gpxtpx:TrackPointExtension>
            <gpxtpx:hr>104</gpxtpx:hr>
          </gpxtpx:TrackPointExtension>
        </extensions>
      </trkpt>
      <trkpt lat="30.498772393622314" lon="114.41016629060772">
        <ele>-91.0</ele>
        <time>2026-09-18T00:52:42Z</time>
        <extensions>
          <gpxtpx:TrackPointExtension>
            <gpxtpx:hr>107</gpxtpx:hr>
          </gpxtpx:TrackPointExtension>
        </extensions>
      </trkpt>
      <trkpt lat="30.49878133159057" lon="114.4100661751052">
        <ele>-91.0</ele>
        <time>2026-09-18T00:52:45Z</time>
        <extensions>
          <gpxtpx:TrackPointExtension>
            <gpxtpx:hr>107</gpxtpx:hr>
          </gpxtpx:TrackPointExtension>
        </extensions>
      </trkpt>
      <trkpt lat="30.49879027353438" lon="114.4099720669482">
        <ele>-91.0</ele>
        <time>2026-09-18T00:52:48Z</time>
        <extensions>
          <gpxtpx:TrackPointExtension>
            <gpxtpx:hr>104</gpxtpx:hr>
          </gpxtpx:TrackPointExtension>
        </extensions>
      </trkpt>
      <trkpt lat="30.498802217917504" lon="114.409882964654">
        <ele>-91.0</ele>
        <time>2026-09-18T00:52:51Z</time>
        <extensions>
          <gpxtpx:TrackPointExtension>
            <gpxtpx:hr>106</gpxtpx:hr>
          </gpxtpx:TrackPointExtension>
        </extensions>
      </trkpt>
      <trkpt lat="30.49881416613574" lon="114.40979986954754">
        <ele>-91.0</ele>
        <time>2026-09-18T00:52:54Z</time>
        <extensions>
          <gpxtpx:TrackPointExtension>
            <gpxtpx:hr>104</gpxtpx:hr>
          </gpxtpx:TrackPointExtension>
        </extensions>
      </trkpt>
      <trkpt lat="30.49882811926647" lon="114.40972578476065">
        <ele>-91.0</ele>
        <time>2026-09-18T00:52:57Z</time>
        <extensions>
          <gpxtpx:TrackPointExtension>
            <gpxtpx:hr>103</gpxtpx:hr>
          </gpxtpx:TrackPointExtension>
        </extensions>
      </trkpt>
      <trkpt lat="30.4988640370475" lon="114.4096006410935">
        <ele>-91.0</ele>
        <time>2026-09-18T00:53:03Z</time>
        <extensions>
          <gpxtpx:TrackPointExtension>
            <gpxtpx:hr>107</gpxtpx:hr>
          </gpxtpx:TrackPointExtension>
        </extensions>
      </trkpt>
      <trkpt lat="30.498886999001975" lon="114.40954557750679">
        <ele>-91.0</ele>
        <time>2026-09-18T00:53:06Z</time>
        <extensions>
          <gpxtpx:TrackPointExtension>
            <gpxtpx:hr>105</gpxtpx:hr>
          </gpxtpx:TrackPointExtension>
        </extensions>
      </trkpt>
      <trkpt lat="30.498909958263887" lon="114.40948550849672">
        <ele>-91.0</ele>
        <time>2026-09-18T00:53:09Z</time>
        <extensions>
          <gpxtpx:TrackPointExtension>
            <gpxtpx:hr>107</gpxtpx:hr>
          </gpxtpx:TrackPointExtension>
        </extensions>
      </trkpt>
      <trkpt lat="30.498930914333105" lon="114.40941843205955">
        <ele>-91.0</ele>
        <time>2026-09-18T00:53:12Z</time>
        <extensions>
          <gpxtpx:TrackPointExtension>
            <gpxtpx:hr>104</gpxtpx:hr>
          </gpxtpx:TrackPointExtension>
        </extensions>
      </trkpt>
      <trkpt lat="30.498951867247975" lon="114.40934534920042">
        <ele>-91.0</ele>
        <time>2026-09-18T00:53:15Z</time>
        <extensions>
          <gpxtpx:TrackPointExtension>
            <gpxtpx:hr>106</gpxtpx:hr>
          </gpxtpx:TrackPointExtension>
        </extensions>
      </trkpt>
      <trkpt lat="30.498971816248744" lon="114.409264257865">
        <ele>-91.0</ele>
        <time>2026-09-18T00:53:18Z</time>
        <extensions>
          <gpxtpx:TrackPointExtension>
            <gpxtpx:hr>107</gpxtpx:hr>
          </gpxtpx:TrackPointExtension>
        </extensions>
      </trkpt>
      <trkpt lat="30.498988762559446" lon="114.40917615942583">
        <ele>-91.0</ele>
        <time>2026-09-18T00:53:21Z</time>
        <extensions>
          <gpxtpx:TrackPointExtension>
            <gpxtpx:hr>106</gpxtpx:hr>
          </gpxtpx:TrackPointExtension>
        </extensions>
      </trkpt>
      <trkpt lat="30.499004704584348" lon="114.40907905161289">
        <ele>-91.0</ele>
        <time>2026-09-18T00:53:24Z</time>
        <extensions>
          <gpxtpx:TrackPointExtension>
            <gpxtpx:hr>107</gpxtpx:hr>
          </gpxtpx:TrackPointExtension>
        </extensions>
      </trkpt>
      <trkpt lat="30.499013649622853" lon="114.40898294597726">
        <ele>-91.0</ele>
        <time>2026-09-18T00:53:27Z</time>
        <extensions>
          <gpxtpx:TrackPointExtension>
            <gpxtpx:hr>107</gpxtpx:hr>
          </gpxtpx:TrackPointExtension>
        </extensions>
      </trkpt>
      <trkpt lat="30.499017595461723" lon="114.40888483907534">
        <ele>-91.0</ele>
        <time>2026-09-18T00:53:30Z</time>
        <extensions>
          <gpxtpx:TrackPointExtension>
            <gpxtpx:hr>108</gpxtpx:hr>
          </gpxtpx:TrackPointExtension>
        </extensions>
      </trkpt>
      <trkpt lat="30.499020543094595" lon="114.40878873490752">
        <ele>-91.0</ele>
        <time>2026-09-18T00:53:33Z</time>
        <extensions>
          <gpxtpx:TrackPointExtension>
            <gpxtpx:hr>110</gpxtpx:hr>
          </gpxtpx:TrackPointExtension>
        </extensions>
      </trkpt>
      <trkpt lat="30.499023492203143" lon="114.40869463335736">
        <ele>-91.0</ele>
        <time>2026-09-18T00:53:36Z</time>
        <extensions>
          <gpxtpx:TrackPointExtension>
            <gpxtpx:hr>112</gpxtpx:hr>
          </gpxtpx:TrackPointExtension>
        </extensions>
      </trkpt>
      <trkpt lat="30.499023444690607" lon="114.40860453679889">
        <ele>-91.0</ele>
        <time>2026-09-18T00:53:39Z</time>
        <extensions>
          <gpxtpx:TrackPointExtension>
            <gpxtpx:hr>113</gpxtpx:hr>
          </gpxtpx:TrackPointExtension>
        </extensions>
      </trkpt>
      <trkpt lat="30.499022400445607" lon="114.4085194460692">
        <ele>-91.0</ele>
        <time>2026-09-18T00:53:42Z</time>
        <extensions>
          <gpxtpx:TrackPointExtension>
            <gpxtpx:hr>111</gpxtpx:hr>
          </gpxtpx:TrackPointExtension>
        </extensions>
      </trkpt>
      <trkpt lat="30.499020358373794" lon="114.40843735897928">
        <ele>-91.0</ele>
        <time>2026-09-18T00:53:45Z</time>
        <extensions>
          <gpxtpx:TrackPointExtension>
            <gpxtpx:hr>111</gpxtpx:hr>
          </gpxtpx:TrackPointExtension>
        </extensions>
      </trkpt>
      <trkpt lat="30.499023316687847" lon="114.40835827496852">
        <ele>-91.0</ele>
        <time>2026-09-18T00:53:48Z</time>
        <extensions>
          <gpxtpx:TrackPointExtension>
            <gpxtpx:hr>110</gpxtpx:hr>
          </gpxtpx:TrackPointExtension>
        </extensions>
      </trkpt>
      <trkpt lat="30.49909693224261" lon="114.40762951164724">
        <ele>-92.0</ele>
        <time>2026-09-18T00:54:18Z</time>
        <extensions>
          <gpxtpx:TrackPointExtension>
            <gpxtpx:hr>107</gpxtpx:hr>
          </gpxtpx:TrackPointExtension>
        </extensions>
      </trkpt>
      <trkpt lat="30.499112893938268" lon="114.40755943889229">
        <ele>-92.0</ele>
        <time>2026-09-18T00:54:21Z</time>
        <extensions>
          <gpxtpx:TrackPointExtension>
            <gpxtpx:hr>107</gpxtpx:hr>
          </gpxtpx:TrackPointExtension>
        </extensions>
      </trkpt>
      <trkpt lat="30.499125860062517" lon="114.40749637374729">
        <ele>-92.0</ele>
        <time>2026-09-18T00:54:24Z</time>
        <extensions>
          <gpxtpx:TrackPointExtension>
            <gpxtpx:hr>107</gpxtpx:hr>
          </gpxtpx:TrackPointExtension>
        </extensions>
      </trkpt>
      <trkpt lat="30.499137826658046" lon="114.4074333088907">
        <ele>-92.0</ele>
        <time>2026-09-18T00:54:27Z</time>
        <extensions>
          <gpxtpx:TrackPointExtension>
            <gpxtpx:hr>107</gpxtpx:hr>
          </gpxtpx:TrackPointExtension>
        </extensions>
      </trkpt>
      <trkpt lat="30.499147795898775" lon="114.4073742484424">
        <ele>-92.0</ele>
        <time>2026-09-18T00:54:30Z</time>
        <extensions>
          <gpxtpx:TrackPointExtension>
            <gpxtpx:hr>107</gpxtpx:hr>
          </gpxtpx:TrackPointExtension>
        </extensions>
      </trkpt>
      <trkpt lat="30.49915676558886" lon="114.40731518825773">
        <ele>-92.0</ele>
        <time>2026-09-18T00:54:33Z</time>
        <extensions>
          <gpxtpx:TrackPointExtension>
            <gpxtpx:hr>107</gpxtpx:hr>
          </gpxtpx:TrackPointExtension>
        </extensions>
      </trkpt>
      <trkpt lat="30.499165735900977" lon="114.40725712925183">
        <ele>-92.0</ele>
        <time>2026-09-18T00:54:36Z</time>
        <extensions>
          <gpxtpx:TrackPointExtension>
            <gpxtpx:hr>105</gpxtpx:hr>
          </gpxtpx:TrackPointExtension>
        </extensions>
      </trkpt>
      <trkpt lat="30.499173707582397" lon="114.40720107250253">
        <ele>-93.0</ele>
        <time>2026-09-18T00:54:39Z</time>
        <extensions>
          <gpxtpx:TrackPointExtension>
            <gpxtpx:hr>107</gpxtpx:hr>
          </gpxtpx:TrackPointExtension>
        </extensions>
      </trkpt>
      <trkpt lat="30.499176680867624" lon="114.40714501634821">
        <ele>-93.0</ele>
        <time>2026-09-18T00:54:42Z</time>
        <extensions>
          <gpxtpx:TrackPointExtension>
            <gpxtpx:hr>107</gpxtpx:hr>
          </gpxtpx:TrackPointExtension>
        </extensions>
      </trkpt>
      <trkpt lat="30.499158638068472" lon="114.4070399135476">
        <ele>-93.0</ele>
        <time>2026-09-18T00:54:48Z</time>
        <extensions>
          <gpxtpx:TrackPointExtension>
            <gpxtpx:hr>107</gpxtpx:hr>
          </gpxtpx:TrackPointExtension>
        </extensions>
      </trkpt>
      <trkpt lat="30.498900636281913" lon="114.40686876726961">
        <ele>-93.0</ele>
        <time>2026-09-18T00:55:06Z</time>
        <extensions>
          <gpxtpx:TrackPointExtension>
            <gpxtpx:hr>107</gpxtpx:hr>
          </gpxtpx:TrackPointExtension>
        </extensions>
      </trkpt>
      <trkpt lat="30.498783664201333" lon="114.40685476372089">
        <ele>-93.0</ele>
        <time>2026-09-18T00:55:12Z</time>
        <extensions>
          <gpxtpx:TrackPointExtension>
            <gpxtpx:hr>107</gpxtpx:hr>
          </gpxtpx:TrackPointExtension>
        </extensions>
      </trkpt>
      <trkpt lat="30.498667694503244" lon="114.4068467659833">
        <ele>-93.0</ele>
        <time>2026-09-18T00:55:18Z</time>
        <extensions>
          <gpxtpx:TrackPointExtension>
            <gpxtpx:hr>104</gpxtpx:hr>
          </gpxtpx:TrackPointExtension>
        </extensions>
      </trkpt>
      <trkpt lat="30.498611709512918" lon="114.40684376792268">
        <ele>-93.0</ele>
        <time>2026-09-18T00:55:21Z</time>
        <extensions>
          <gpxtpx:TrackPointExtension>
            <gpxtpx:hr>104</gpxtpx:hr>
          </gpxtpx:TrackPointExtension>
        </extensions>
      </trkpt>
      <trkpt lat="30.49854572565325" lon="114.40683676681">
        <ele>-93.0</ele>
        <time>2026-09-18T00:55:24Z</time>
        <extensions>
          <gpxtpx:TrackPointExtension>
            <gpxtpx:hr>106</gpxtpx:hr>
          </gpxtpx:TrackPointExtension>
        </extensions>
      </trkpt>
      <trkpt lat="30.498470743080023" lon="114.40682676354282">
        <ele>-94.0</ele>
        <time>2026-09-18T00:55:27Z</time>
        <extensions>
          <gpxtpx:TrackPointExtension>
            <gpxtpx:hr>107</gpxtpx:hr>
          </gpxtpx:TrackPointExtension>
        </extensions>
      </trkpt>
      <trkpt lat="30.49838576297746" lon="114.40681576017282">
        <ele>-94.0</ele>
        <time>2026-09-18T00:55:30Z</time>
        <extensions>
          <gpxtpx:TrackPointExtension>
            <gpxtpx:hr>104</gpxtpx:hr>
          </gpxtpx:TrackPointExtension>
        </extensions>
      </trkpt>
      <trkpt lat="30.49829178371886" lon="114.40680075367654">
        <ele>-94.0</ele>
        <time>2026-09-18T00:55:33Z</time>
        <extensions>
          <gpxtpx:TrackPointExtension>
            <gpxtpx:hr>103</gpxtpx:hr>
          </gpxtpx:TrackPointExtension>
        </extensions>
      </trkpt>
      <trkpt lat="30.498187805601308" lon="114.40678174415027">
        <ele>-94.0</ele>
        <time>2026-09-18T00:55:36Z</time>
        <extensions>
          <gpxtpx:TrackPointExtension>
            <gpxtpx:hr>103</gpxtpx:hr>
          </gpxtpx:TrackPointExtension>
        </extensions>
      </trkpt>
      <trkpt lat="30.49807982954072" lon="114.40676473694583">
        <ele>-94.0</ele>
        <time>2026-09-18T00:55:39Z</time>
        <extensions>
          <gpxtpx:TrackPointExtension>
            <gpxtpx:hr>105</gpxtpx:hr>
          </gpxtpx:TrackPointExtension>
        </extensions>
      </trkpt>
      <trkpt lat="30.49796785553121" lon="114.40674973205805">
        <ele>-94.0</ele>
        <time>2026-09-18T00:56:05Z</time>
        <extensions>
          <gpxtpx:TrackPointExtension>
            <gpxtpx:hr>113</gpxtpx:hr>
          </gpxtpx:TrackPointExtension>
        </extensions>
      </trkpt>
      <trkpt lat="30.497861883306797" lon="114.40674273446703">
        <ele>-95.0</ele>
        <time>2026-09-18T00:56:08Z</time>
        <extensions>
          <gpxtpx:TrackPointExtension>
            <gpxtpx:hr>112</gpxtpx:hr>
          </gpxtpx:TrackPointExtension>
        </extensions>
      </trkpt>
      <trkpt lat="30.497761911535896" lon="114.4067407412355">
        <ele>-95.0</ele>
        <time>2026-09-18T00:56:11Z</time>
        <extensions>
          <gpxtpx:TrackPointExtension>
            <gpxtpx:hr>119</gpxtpx:hr>
          </gpxtpx:TrackPointExtension>
        </extensions>
      </trkpt>
      <trkpt lat="30.4976649410919" lon="114.4067437526235">
        <ele>-95.0</ele>
        <time>2026-09-18T00:56:14Z</time>
        <extensions>
          <gpxtpx:TrackPointExtension>
            <gpxtpx:hr>117</gpxtpx:hr>
          </gpxtpx:TrackPointExtension>
        </extensions>
      </trkpt>
      <trkpt lat="30.497574969487143" lon="114.40674876535455">
        <ele>-95.0</ele>
        <time>2026-09-18T00:56:17Z</time>
        <extensions>
          <gpxtpx:TrackPointExtension>
            <gpxtpx:hr>108</gpxtpx:hr>
          </gpxtpx:TrackPointExtension>
        </extensions>
      </trkpt>
      <trkpt lat="30.497490997015674" lon="114.40675577951735">
        <ele>-95.0</ele>
        <time>2026-09-18T00:56:20Z</time>
        <extensions>
          <gpxtpx:TrackPointExtension>
            <gpxtpx:hr>107</gpxtpx:hr>
          </gpxtpx:TrackPointExtension>
        </extensions>
      </trkpt>
      <trkpt lat="30.49740702276814" lon="114.40675878977385">
        <ele>-95.0</ele>
        <time>2026-09-18T00:56:23Z</time>
        <extensions>
          <gpxtpx:TrackPointExtension>
            <gpxtpx:hr>107</gpxtpx:hr>
          </gpxtpx:TrackPointExtension>
        </extensions>
      </trkpt>
      <trkpt lat="30.497326047199213" lon="114.40676079879192">
        <ele>-95.0</ele>
        <time>2026-09-18T00:56:26Z</time>
        <extensions>
          <gpxtpx:TrackPointExtension>
            <gpxtpx:hr>107</gpxtpx:hr>
          </gpxtpx:TrackPointExtension>
        </extensions>
      </trkpt>
      <trkpt lat="30.497248070752228" lon="114.40676280754856">
        <ele>-95.0</ele>
        <time>2026-09-18T00:56:29Z</time>
        <extensions>
          <gpxtpx:TrackPointExtension>
            <gpxtpx:hr>107</gpxtpx:hr>
          </gpxtpx:TrackPointExtension>
        </extensions>
      </trkpt>
      <trkpt lat="30.496963157511416" lon="114.40677184120004">
        <ele>-96.0</ele>
        <time>2026-09-18T00:56:50Z</time>
        <extensions>
          <gpxtpx:TrackPointExtension>
            <gpxtpx:hr>105</gpxtpx:hr>
          </gpxtpx:TrackPointExtension>
        </extensions>
      </trkpt>
      <trkpt lat="30.496926158067136" lon="114.40674882195196">
        <ele>-96.0</ele>
        <time>2026-09-18T00:56:59Z</time>
        <extensions>
          <gpxtpx:TrackPointExtension>
            <gpxtpx:hr>113</gpxtpx:hr>
          </gpxtpx:TrackPointExtension>
        </extensions>
      </trkpt>
      <trkpt lat="30.49690715562812" lon="114.4067308060387">
        <ele>-96.0</ele>
        <time>2026-09-18T00:57:02Z</time>
        <extensions>
          <gpxtpx:TrackPointExtension>
            <gpxtpx:hr>118</gpxtpx:hr>
          </gpxtpx:TrackPointExtension>
        </extensions>
      </trkpt>
      <trkpt lat="30.496877157717716" lon="114.4067157940256">
        <ele>-96.0</ele>
        <time>2026-09-18T00:57:05Z</time>
        <extensions>
          <gpxtpx:TrackPointExtension>
            <gpxtpx:hr>118</gpxtpx:hr>
          </gpxtpx:TrackPointExtension>
        </extensions>
      </trkpt>
      <trkpt lat="30.496835165059274" lon="114.40670478696735">
        <ele>-96.0</ele>
        <time>2026-09-18T00:57:08Z</time>
        <extensions>
          <gpxtpx:TrackPointExtension>
            <gpxtpx:hr>124</gpxtpx:hr>
          </gpxtpx:TrackPointExtension>
        </extensions>
      </trkpt>
      <trkpt lat="30.496779179545655" lon="114.40670078795392">
        <ele>-96.0</ele>
        <time>2026-09-18T00:57:11Z</time>
        <extensions>
          <gpxtpx:TrackPointExtension>
            <gpxtpx:hr>133</gpxtpx:hr>
          </gpxtpx:TrackPointExtension>
        </extensions>
      </trkpt>
      <trkpt lat="30.496713201331517" lon="114.40670679955528">
        <ele>-96.0</ele>
        <time>2026-09-18T00:57:14Z</time>
        <extensions>
          <gpxtpx:TrackPointExtension>
            <gpxtpx:hr>133</gpxtpx:hr>
          </gpxtpx:TrackPointExtension>
        </extensions>
      </trkpt>
      <trkpt lat="30.49663922984308" lon="114.40672282160612">
        <ele>-96.0</ele>
        <time>2026-09-18T00:57:17Z</time>
        <extensions>
          <gpxtpx:TrackPointExtension>
            <gpxtpx:hr>135</gpxtpx:hr>
          </gpxtpx:TrackPointExtension>
        </extensions>
      </trkpt>
      <trkpt lat="30.496560264230574" lon="114.40674885386913">
        <ele>-96.0</ele>
        <time>2026-09-18T00:57:20Z</time>
        <extensions>
          <gpxtpx:TrackPointExtension>
            <gpxtpx:hr>133</gpxtpx:hr>
          </gpxtpx:TrackPointExtension>
        </extensions>
      </trkpt>
      <trkpt lat="30.49646131153899" lon="114.40679090356316">
        <ele>-96.0</ele>
        <time>2026-09-18T00:57:23Z</time>
        <extensions>
          <gpxtpx:TrackPointExtension>
            <gpxtpx:hr>133</gpxtpx:hr>
          </gpxtpx:TrackPointExtension>
        </extensions>
      </trkpt>
      <trkpt lat="30.496362358917153" lon="114.40683295334644">
        <ele>-97.0</ele>
        <time>2026-09-18T00:57:26Z</time>
        <extensions>
          <gpxtpx:TrackPointExtension>
            <gpxtpx:hr>133</gpxtpx:hr>
          </gpxtpx:TrackPointExtension>
        </extensions>
      </trkpt>
      <trkpt lat="30.49626540220375" lon="114.40686699518257">
        <ele>-96.0</ele>
        <time>2026-09-18T00:57:29Z</time>
        <extensions>
          <gpxtpx:TrackPointExtension>
            <gpxtpx:hr>134</gpxtpx:hr>
          </gpxtpx:TrackPointExtension>
        </extensions>
      </trkpt>
      <trkpt lat="30.49590554324441" lon="114.40694910731452">
        <ele>-97.0</ele>
        <time>2026-09-18T00:57:44Z</time>
        <extensions>
          <gpxtpx:TrackPointExtension>
            <gpxtpx:hr>123</gpxtpx:hr>
          </gpxtpx:TrackPointExtension>
        </extensions>
      </trkpt>
      <trkpt lat="30.495836563198814" lon="114.40694911333135">
        <ele>-97.0</ele>
        <time>2026-09-18T00:57:47Z</time>
        <extensions>
          <gpxtpx:TrackPointExtension>
            <gpxtpx:hr>126</gpxtpx:hr>
          </gpxtpx:TrackPointExtension>
        </extensions>
      </trkpt>
      <trkpt lat="30.49577557903093" lon="114.40694511470417">
        <ele>-97.0</ele>
        <time>2026-09-18T00:57:50Z</time>
        <extensions>
          <gpxtpx:TrackPointExtension>
            <gpxtpx:hr>132</gpxtpx:hr>
          </gpxtpx:TrackPointExtension>
        </extensions>
      </trkpt>
      <trkpt lat="30.495723590455338" lon="114.40693711134823">
        <ele>-97.0</ele>
        <time>2026-09-18T00:57:53Z</time>
        <extensions>
          <gpxtpx:TrackPointExtension>
            <gpxtpx:hr>132</gpxtpx:hr>
          </gpxtpx:TrackPointExtension>
        </extensions>
      </trkpt>
      <trkpt lat="30.49568459452129" lon="114.40692109897803">
        <ele>-97.0</ele>
        <time>2026-09-18T00:57:56Z</time>
        <extensions>
          <gpxtpx:TrackPointExtension>
            <gpxtpx:hr>132</gpxtpx:hr>
          </gpxtpx:TrackPointExtension>
        </extensions>
      </trkpt>
      <trkpt lat="30.495643602321415" lon="114.40691209368775">
        <ele>-98.0</ele>
        <time>2026-09-18T00:57:59Z</time>
        <extensions>
          <gpxtpx:TrackPointExtension>
            <gpxtpx:hr>140</gpxtpx:hr>
          </gpxtpx:TrackPointExtension>
        </extensions>
      </trkpt>
      <trkpt lat="30.495555627746686" lon="114.40691210136136">
        <ele>-98.0</ele>
        <time>2026-09-18T00:58:02Z</time>
        <extensions>
          <gpxtpx:TrackPointExtension>
            <gpxtpx:hr>141</gpxtpx:hr>
          </gpxtpx:TrackPointExtension>
        </extensions>
      </trkpt>
      <trkpt lat="30.495472660271115" lon="114.40693112731972">
        <ele>-98.0</ele>
        <time>2026-09-18T00:58:06Z</time>
        <extensions>
          <gpxtpx:TrackPointExtension>
            <gpxtpx:hr>141</gpxtpx:hr>
          </gpxtpx:TrackPointExtension>
        </extensions>
      </trkpt>
      <trkpt lat="30.495433679197998" lon="114.40694814748616">
        <ele>-98.0</ele>
        <time>2026-09-18T00:58:09Z</time>
        <extensions>
          <gpxtpx:TrackPointExtension>
            <gpxtpx:hr>141</gpxtpx:hr>
          </gpxtpx:TrackPointExtension>
        </extensions>
      </trkpt>
      <trkpt lat="30.495395697847677" lon="114.40696516758004">
        <ele>-98.0</ele>
        <time>2026-09-18T00:58:12Z</time>
        <extensions>
          <gpxtpx:TrackPointExtension>
            <gpxtpx:hr>141</gpxtpx:hr>
          </gpxtpx:TrackPointExtension>
        </extensions>
      </trkpt>
      <trkpt lat="30.49532773060548" lon="114.40699420216858">
        <ele>-98.0</ele>
        <time>2026-09-18T00:58:19Z</time>
        <extensions>
          <gpxtpx:TrackPointExtension>
            <gpxtpx:hr>143</gpxtpx:hr>
          </gpxtpx:TrackPointExtension>
        </extensions>
      </trkpt>
      <trkpt lat="30.495298743965158" lon="114.40700521557913">
        <ele>-98.0</ele>
        <time>2026-09-18T00:58:22Z</time>
        <extensions>
          <gpxtpx:TrackPointExtension>
            <gpxtpx:hr>143</gpxtpx:hr>
          </gpxtpx:TrackPointExtension>
        </extensions>
      </trkpt>
      <trkpt lat="30.49526675637837" lon="114.40701222529745">
        <ele>-98.0</ele>
        <time>2026-09-18T00:58:25Z</time>
        <extensions>
          <gpxtpx:TrackPointExtension>
            <gpxtpx:hr>143</gpxtpx:hr>
          </gpxtpx:TrackPointExtension>
        </extensions>
      </trkpt>
      <trkpt lat="30.495234766521133" lon="114.40701423006765">
        <ele>-98.0</ele>
        <time>2026-09-18T00:58:28Z</time>
        <extensions>
          <gpxtpx:TrackPointExtension>
            <gpxtpx:hr>143</gpxtpx:hr>
          </gpxtpx:TrackPointExtension>
        </extensions>
      </trkpt>
      <trkpt lat="30.49519877509213" lon="114.40701022924722">
        <ele>-99.0</ele>
        <time>2026-09-18T00:58:31Z</time>
        <extensions>
          <gpxtpx:TrackPointExtension>
            <gpxtpx:hr>143</gpxtpx:hr>
          </gpxtpx:TrackPointExtension>
        </extensions>
      </trkpt>
      <trkpt lat="30.4951627823012" lon="114.40700322545906">
        <ele>-99.0</ele>
        <time>2026-09-18T00:58:34Z</time>
        <extensions>
          <gpxtpx:TrackPointExtension>
            <gpxtpx:hr>143</gpxtpx:hr>
          </gpxtpx:TrackPointExtension>
        </extensions>
      </trkpt>
      <trkpt lat="30.49513379520638" lon="114.40701323788464">
        <ele>-99.0</ele>
        <time>2026-09-18T00:58:37Z</time>
        <extensions>
          <gpxtpx:TrackPointExtension>
            <gpxtpx:hr>132</gpxtpx:hr>
          </gpxtpx:TrackPointExtension>
        </extensions>
      </trkpt>
      <trkpt lat="30.495095797999337" lon="114.40699522338747">
        <ele>-99.0</ele>
        <time>2026-09-18T00:58:40Z</time>
        <extensions>
          <gpxtpx:TrackPointExtension>
            <gpxtpx:hr>127</gpxtpx:hr>
          </gpxtpx:TrackPointExtension>
        </extensions>
      </trkpt>
      <trkpt lat="30.495056800641315" lon="114.40697620800584">
        <ele>-99.0</ele>
        <time>2026-09-18T00:58:43Z</time>
        <extensions>
          <gpxtpx:TrackPointExtension>
            <gpxtpx:hr>126</gpxtpx:hr>
          </gpxtpx:TrackPointExtension>
        </extensions>
      </trkpt>
      <trkpt lat="30.494978782589442" lon="114.40688612608689">
        <ele>-99.0</ele>
        <time>2026-09-18T00:58:51Z</time>
        <extensions>
          <gpxtpx:TrackPointExtension>
            <gpxtpx:hr>127</gpxtpx:hr>
          </gpxtpx:TrackPointExtension>
        </extensions>
      </trkpt>
      <trkpt lat="30.494964782143406" lon="114.40687611747518">
        <ele>-99.0</ele>
        <time>2026-09-18T00:58:54Z</time>
        <extensions>
          <gpxtpx:TrackPointExtension>
            <gpxtpx:hr>127</gpxtpx:hr>
          </gpxtpx:TrackPointExtension>
        </extensions>
      </trkpt>
      <trkpt lat="30.494957781026553" lon="114.40686911120585">
        <ele>-99.0</ele>
        <time>2026-09-18T00:58:57Z</time>
        <extensions>
          <gpxtpx:TrackPointExtension>
            <gpxtpx:hr>133</gpxtpx:hr>
          </gpxtpx:TrackPointExtension>
        </extensions>
      </trkpt>
      <trkpt lat="30.494924778022018" lon="114.40684108658934">
        <ele>-99.0</ele>
        <time>2026-09-18T00:59:00Z</time>
        <extensions>
          <gpxtpx:TrackPointExtension>
            <gpxtpx:hr>133</gpxtpx:hr>
          </gpxtpx:TrackPointExtension>
        </extensions>
      </trkpt>
      <trkpt lat="30.494907783815055" lon="114.40684309003424">
        <ele>-100.0</ele>
        <time>2026-09-18T00:59:03Z</time>
        <extensions>
          <gpxtpx:TrackPointExtension>
            <gpxtpx:hr>139</gpxtpx:hr>
          </gpxtpx:TrackPointExtension>
        </extensions>
      </trkpt>
      <trkpt lat="30.49487779916429" lon="114.40685810737571">
        <ele>-100.0</ele>
        <time>2026-09-18T00:59:06Z</time>
        <extensions>
          <gpxtpx:TrackPointExtension>
            <gpxtpx:hr>139</gpxtpx:hr>
          </gpxtpx:TrackPointExtension>
        </extensions>
      </trkpt>
      <trkpt lat="30.49483882159714" lon="114.4068831353443">
        <ele>-100.0</ele>
        <time>2026-09-18T00:59:09Z</time>
        <extensions>
          <gpxtpx:TrackPointExtension>
            <gpxtpx:hr>139</gpxtpx:hr>
          </gpxtpx:TrackPointExtension>
        </extensions>
      </trkpt>
      <trkpt lat="30.49481384002279" lon="114.40690816212377">
        <ele>-100.0</ele>
        <time>2026-09-18T00:59:12Z</time>
        <extensions>
          <gpxtpx:TrackPointExtension>
            <gpxtpx:hr>142</gpxtpx:hr>
          </gpxtpx:TrackPointExtension>
        </extensions>
      </trkpt>
      <trkpt lat="30.4947278755986" lon="114.40693219326805">
        <ele>-100.0</ele>
        <time>2026-09-18T00:59:18Z</time>
        <extensions>
          <gpxtpx:TrackPointExtension>
            <gpxtpx:hr>139</gpxtpx:hr>
          </gpxtpx:TrackPointExtension>
        </extensions>
      </trkpt>
      <trkpt lat="30.49512972874181" lon="114.40686309031278">
        <ele>-101.0</ele>
        <time>2026-09-18T01:07:13Z</time>
        <extensions>
          <gpxtpx:TrackPointExtension>
            <gpxtpx:hr>92</gpxtpx:hr>
          </gpxtpx:TrackPointExtension>
        </extensions>
      </trkpt>
      <trkpt lat="30.49434082414143" lon="114.40864498804821">
        <ele>-101.0</ele>
        <time>2026-09-18T01:08:51Z</time>
        <extensions>
          <gpxtpx:TrackPointExtension>
            <gpxtpx:hr>111</gpxtpx:hr>
          </gpxtpx:TrackPointExtension>
        </extensions>
      </trkpt>
      <trkpt lat="30.494311818252065" lon="114.40861796163546">
        <ele>-101.0</ele>
        <time>2026-09-18T01:08:54Z</time>
        <extensions>
          <gpxtpx:TrackPointExtension>
            <gpxtpx:hr>111</gpxtpx:hr>
          </gpxtpx:TrackPointExtension>
        </extensions>
      </trkpt>
      <trkpt lat="30.494279816935503" lon="114.4085979430113">
        <ele>-101.0</ele>
        <time>2026-09-18T01:08:57Z</time>
        <extensions>
          <gpxtpx:TrackPointExtension>
            <gpxtpx:hr>111</gpxtpx:hr>
          </gpxtpx:TrackPointExtension>
        </extensions>
      </trkpt>
      <trkpt lat="30.494245824611664" lon="114.40859394169506">
        <ele>-101.0</ele>
        <time>2026-09-18T01:09:00Z</time>
        <extensions>
          <gpxtpx:TrackPointExtension>
            <gpxtpx:hr>111</gpxtpx:hr>
          </gpxtpx:TrackPointExtension>
        </extensions>
      </trkpt>
      <trkpt lat="30.49421484141198" lon="114.40860896045308">
        <ele>-101.0</ele>
        <time>2026-09-18T01:09:03Z</time>
        <extensions>
          <gpxtpx:TrackPointExtension>
            <gpxtpx:hr>113</gpxtpx:hr>
          </gpxtpx:TrackPointExtension>
        </extensions>
      </trkpt>
      <trkpt lat="30.49419388703246" lon="114.40868404273232">
        <ele>-101.0</ele>
        <time>2026-09-18T01:09:06Z</time>
        <extensions>
          <gpxtpx:TrackPointExtension>
            <gpxtpx:hr>108</gpxtpx:hr>
          </gpxtpx:TrackPointExtension>
        </extensions>
      </trkpt>
      <trkpt lat="30.494180943941394" lon="114.40878415157405">
        <ele>-101.0</ele>
        <time>2026-09-18T01:09:09Z</time>
        <extensions>
          <gpxtpx:TrackPointExtension>
            <gpxtpx:hr>105</gpxtpx:hr>
          </gpxtpx:TrackPointExtension>
        </extensions>
      </trkpt>
      <trkpt lat="30.494177011110907" lon="114.40890728509969">
        <ele>-101.0</ele>
        <time>2026-09-18T01:09:12Z</time>
        <extensions>
          <gpxtpx:TrackPointExtension>
            <gpxtpx:hr>103</gpxtpx:hr>
          </gpxtpx:TrackPointExtension>
        </extensions>
      </trkpt>
      <trkpt lat="30.494181086481646" lon="114.40904843836124">
        <ele>-101.0</ele>
        <time>2026-09-18T01:09:18Z</time>
        <extensions>
          <gpxtpx:TrackPointExtension>
            <gpxtpx:hr>104</gpxtpx:hr>
          </gpxtpx:TrackPointExtension>
        </extensions>
      </trkpt>
      <trkpt lat="30.494197166482305" lon="114.40920260589154">
        <ele>-101.0</ele>
        <time>2026-09-18T01:09:21Z</time>
        <extensions>
          <gpxtpx:TrackPointExtension>
            <gpxtpx:hr>103</gpxtpx:hr>
          </gpxtpx:TrackPointExtension>
        </extensions>
      </trkpt>
      <trkpt lat="30.49431966742543" lon="114.4101376455488">
        <ele>-100.0</ele>
        <time>2026-09-18T01:09:45Z</time>
        <extensions>
          <gpxtpx:TrackPointExtension>
            <gpxtpx:hr>107</gpxtpx:hr>
          </gpxtpx:TrackPointExtension>
        </extensions>
      </trkpt>
      <trkpt lat="30.49432272029353" lon="114.4102277488304">
        <ele>-100.0</ele>
        <time>2026-09-18T01:09:48Z</time>
        <extensions>
          <gpxtpx:TrackPointExtension>
            <gpxtpx:hr>107</gpxtpx:hr>
          </gpxtpx:TrackPointExtension>
        </extensions>
      </trkpt>
      <trkpt lat="30.494322770772275" lon="114.41031184584124">
        <ele>-100.0</ele>
        <time>2026-09-18T01:09:51Z</time>
        <extensions>
          <gpxtpx:TrackPointExtension>
            <gpxtpx:hr>105</gpxtpx:hr>
          </gpxtpx:TrackPointExtension>
        </extensions>
      </trkpt>
      <trkpt lat="30.49431782118799" lon="114.41039294016211">
        <ele>-100.0</ele>
        <time>2026-09-18T01:09:57Z</time>
        <extensions>
          <gpxtpx:TrackPointExtension>
            <gpxtpx:hr>107</gpxtpx:hr>
          </gpxtpx:TrackPointExtension>
        </extensions>
      </trkpt>
      <trkpt lat="30.494307873337924" lon="114.41047403525151">
        <ele>-100.0</ele>
        <time>2026-09-18T01:10:00Z</time>
        <extensions>
          <gpxtpx:TrackPointExtension>
            <gpxtpx:hr>106</gpxtpx:hr>
          </gpxtpx:TrackPointExtension>
        </extensions>
      </trkpt>
      <trkpt lat="30.494296926071424" lon="114.41055513076078">
        <ele>-99.0</ele>
        <time>2026-09-18T01:10:03Z</time>
        <extensions>
          <gpxtpx:TrackPointExtension>
            <gpxtpx:hr>104</gpxtpx:hr>
          </gpxtpx:TrackPointExtension>
        </extensions>
      </trkpt>
      <trkpt lat="30.49428298058115" lon="114.41063722803767">
        <ele>-100.0</ele>
        <time>2026-09-18T01:10:06Z</time>
        <extensions>
          <gpxtpx:TrackPointExtension>
            <gpxtpx:hr>105</gpxtpx:hr>
          </gpxtpx:TrackPointExtension>
        </extensions>
      </trkpt>
      <trkpt lat="30.494272027700823" lon="114.41070831244285">
        <ele>-100.0</ele>
        <time>2026-09-18T01:10:09Z</time>
        <extensions>
          <gpxtpx:TrackPointExtension>
            <gpxtpx:hr>111</gpxtpx:hr>
          </gpxtpx:TrackPointExtension>
        </extensions>
      </trkpt>
      <trkpt lat="30.49426407668101" lon="114.41078340156537">
        <ele>-100.0</ele>
        <time>2026-09-18T01:10:12Z</time>
        <extensions>
          <gpxtpx:TrackPointExtension>
            <gpxtpx:hr>113</gpxtpx:hr>
          </gpxtpx:TrackPointExtension>
        </extensions>
      </trkpt>
      <trkpt lat="30.494256128425143" lon="114.41086249571231">
        <ele>-100.0</ele>
        <time>2026-09-18T01:10:15Z</time>
        <extensions>
          <gpxtpx:TrackPointExtension>
            <gpxtpx:hr>111</gpxtpx:hr>
          </gpxtpx:TrackPointExtension>
        </extensions>
      </trkpt>
      <trkpt lat="30.494252181194284" lon="114.41094459339405">
        <ele>-100.0</ele>
        <time>2026-09-18T01:10:18Z</time>
        <extensions>
          <gpxtpx:TrackPointExtension>
            <gpxtpx:hr>110</gpxtpx:hr>
          </gpxtpx:TrackPointExtension>
        </extensions>
      </trkpt>
      <trkpt lat="30.494248234266742" lon="114.41102669141668">
        <ele>-100.0</ele>
        <time>2026-09-18T01:10:21Z</time>
        <extensions>
          <gpxtpx:TrackPointExtension>
            <gpxtpx:hr>108</gpxtpx:hr>
          </gpxtpx:TrackPointExtension>
        </extensions>
      </trkpt>
      <trkpt lat="30.494247530136352" lon="114.41148524331781">
        <ele>-100.0</ele>
        <time>2026-09-18T01:10:39Z</time>
        <extensions>
          <gpxtpx:TrackPointExtension>
            <gpxtpx:hr>105</gpxtpx:hr>
          </gpxtpx:TrackPointExtension>
        </extensions>
      </trkpt>
      <trkpt lat="30.494247576146112" lon="114.4115553285929">
        <ele>-100.0</ele>
        <time>2026-09-18T01:10:42Z</time>
        <extensions>
          <gpxtpx:TrackPointExtension>
            <gpxtpx:hr>104</gpxtpx:hr>
          </gpxtpx:TrackPointExtension>
        </extensions>
      </trkpt>
      <trkpt lat="30.494244623239567" lon="114.41162541437777">
        <ele>-100.0</ele>
        <time>2026-09-18T01:10:45Z</time>
        <extensions>
          <gpxtpx:TrackPointExtension>
            <gpxtpx:hr>105</gpxtpx:hr>
          </gpxtpx:TrackPointExtension>
        </extensions>
      </trkpt>
      <trkpt lat="30.494237672369437" lon="114.41169650198663">
        <ele>-100.0</ele>
        <time>2026-09-18T01:10:48Z</time>
        <extensions>
          <gpxtpx:TrackPointExtension>
            <gpxtpx:hr>106</gpxtpx:hr>
          </gpxtpx:TrackPointExtension>
        </extensions>
      </trkpt>
      <trkpt lat="30.494227722589237" lon="114.41176759011238">
        <ele>-100.0</ele>
        <time>2026-09-18T01:10:51Z</time>
        <extensions>
          <gpxtpx:TrackPointExtension>
            <gpxtpx:hr>105</gpxtpx:hr>
          </gpxtpx:TrackPointExtension>
        </extensions>
      </trkpt>
      <trkpt lat="30.49421377418641" lon="114.41183867884212">
        <ele>-100.0</ele>
        <time>2026-09-18T01:10:54Z</time>
        <extensions>
          <gpxtpx:TrackPointExtension>
            <gpxtpx:hr>104</gpxtpx:hr>
          </gpxtpx:TrackPointExtension>
        </extensions>
      </trkpt>
      <trkpt lat="30.494196826873246" lon="114.41190976808869">
        <ele>-100.0</ele>
        <time>2026-09-18T01:10:57Z</time>
        <extensions>
          <gpxtpx:TrackPointExtension>
            <gpxtpx:hr>109</gpxtpx:hr>
          </gpxtpx:TrackPointExtension>
        </extensions>
      </trkpt>
      <trkpt lat="30.49417988317774" lon="114.41198586379889">
        <ele>-100.0</ele>
        <time>2026-09-18T01:11:00Z</time>
        <extensions>
          <gpxtpx:TrackPointExtension>
            <gpxtpx:hr>111</gpxtpx:hr>
          </gpxtpx:TrackPointExtension>
        </extensions>
      </trkpt>
      <trkpt lat="30.494164942576273" lon="114.41206696585617">
        <ele>-100.0</ele>
        <time>2026-09-18T01:11:03Z</time>
        <extensions>
          <gpxtpx:TrackPointExtension>
            <gpxtpx:hr>111</gpxtpx:hr>
          </gpxtpx:TrackPointExtension>
        </extensions>
      </trkpt>
      <trkpt lat="30.494150002955905" lon="114.4121490694958">
        <ele>-100.0</ele>
        <time>2026-09-18T01:11:06Z</time>
        <extensions>
          <gpxtpx:TrackPointExtension>
            <gpxtpx:hr>111</gpxtpx:hr>
          </gpxtpx:TrackPointExtension>
        </extensions>
      </trkpt>
      <trkpt lat="30.494132063811513" lon="114.41223017248325">
        <ele>-100.0</ele>
        <time>2026-09-18T01:11:09Z</time>
        <extensions>
          <gpxtpx:TrackPointExtension>
            <gpxtpx:hr>107</gpxtpx:hr>
          </gpxtpx:TrackPointExtension>
        </extensions>
      </trkpt>
      <trkpt lat="30.49411212484451" lon="114.41231027471905">
        <ele>-99.0</ele>
        <time>2026-09-18T01:11:12Z</time>
        <extensions>
          <gpxtpx:TrackPointExtension>
            <gpxtpx:hr>107</gpxtpx:hr>
          </gpxtpx:TrackPointExtension>
        </extensions>
      </trkpt>
      <trkpt lat="30.49409418419787" lon="114.41238837458029">
        <ele>-99.0</ele>
        <time>2026-09-18T01:11:15Z</time>
        <extensions>
          <gpxtpx:TrackPointExtension>
            <gpxtpx:hr>107</gpxtpx:hr>
          </gpxtpx:TrackPointExtension>
        </extensions>
      </trkpt>
      <trkpt lat="30.494079240863403" lon="114.41246347069016">
        <ele>-99.0</ele>
        <time>2026-09-18T01:11:18Z</time>
        <extensions>
          <gpxtpx:TrackPointExtension>
            <gpxtpx:hr>107</gpxtpx:hr>
          </gpxtpx:TrackPointExtension>
        </extensions>
      </trkpt>
      <trkpt lat="30.494065293979713" lon="114.41253356064968">
        <ele>-98.0</ele>
        <time>2026-09-18T01:11:21Z</time>
        <extensions>
          <gpxtpx:TrackPointExtension>
            <gpxtpx:hr>107</gpxtpx:hr>
          </gpxtpx:TrackPointExtension>
        </extensions>
      </trkpt>
      <trkpt lat="30.494004714381497" lon="114.4130972887052">
        <ele>-98.0</ele>
        <time>2026-09-18T01:11:48Z</time>
        <extensions>
          <gpxtpx:TrackPointExtension>
            <gpxtpx:hr>111</gpxtpx:hr>
          </gpxtpx:TrackPointExtension>
        </extensions>
      </trkpt>
      <trkpt lat="30.493997768944226" lon="114.41316938290063">
        <ele>-97.0</ele>
        <time>2026-09-18T01:11:51Z</time>
        <extensions>
          <gpxtpx:TrackPointExtension>
            <gpxtpx:hr>116</gpxtpx:hr>
          </gpxtpx:TrackPointExtension>
        </extensions>
      </trkpt>
      <trkpt lat="30.493992825370096" lon="114.41324448110011">
        <ele>-98.0</ele>
        <time>2026-09-18T01:11:54Z</time>
        <extensions>
          <gpxtpx:TrackPointExtension>
            <gpxtpx:hr>116</gpxtpx:hr>
          </gpxtpx:TrackPointExtension>
        </extensions>
      </trkpt>
      <trkpt lat="30.493988883976822" lon="114.41332258342487">
        <ele>-98.0</ele>
        <time>2026-09-18T01:11:57Z</time>
        <extensions>
          <gpxtpx:TrackPointExtension>
            <gpxtpx:hr>118</gpxtpx:hr>
          </gpxtpx:TrackPointExtension>
        </extensions>
      </trkpt>
      <trkpt lat="30.493986941540893" lon="114.41339968456987">
        <ele>-97.0</ele>
        <time>2026-09-18T01:12:00Z</time>
        <extensions>
          <gpxtpx:TrackPointExtension>
            <gpxtpx:hr>120</gpxtpx:hr>
          </gpxtpx:TrackPointExtension>
        </extensions>
      </trkpt>
      <trkpt lat="30.493983998913837" lon="114.41347578478472">
        <ele>-97.0</ele>
        <time>2026-09-18T01:12:03Z</time>
        <extensions>
          <gpxtpx:TrackPointExtension>
            <gpxtpx:hr>118</gpxtpx:hr>
          </gpxtpx:TrackPointExtension>
        </extensions>
      </trkpt>
      <trkpt lat="30.493980056834033" lon="114.41355188537882">
        <ele>-97.0</ele>
        <time>2026-09-18T01:12:06Z</time>
        <extensions>
          <gpxtpx:TrackPointExtension>
            <gpxtpx:hr>114</gpxtpx:hr>
          </gpxtpx:TrackPointExtension>
        </extensions>
      </trkpt>
      <trkpt lat="30.493976115014135" lon="114.41362798626498">
        <ele>-97.0</ele>
        <time>2026-09-18T01:12:09Z</time>
        <extensions>
          <gpxtpx:TrackPointExtension>
            <gpxtpx:hr>113</gpxtpx:hr>
          </gpxtpx:TrackPointExtension>
        </extensions>
      </trkpt>
      <trkpt lat="30.49396917356051" lon="114.41370308637596">
        <ele>-97.0</ele>
        <time>2026-09-18T01:12:12Z</time>
        <extensions>
          <gpxtpx:TrackPointExtension>
            <gpxtpx:hr>113</gpxtpx:hr>
          </gpxtpx:TrackPointExtension>
        </extensions>
      </trkpt>
      <trkpt lat="30.493961230370815" lon="114.41377518286154">
        <ele>-97.0</ele>
        <time>2026-09-18T01:12:15Z</time>
        <extensions>
          <gpxtpx:TrackPointExtension>
            <gpxtpx:hr>113</gpxtpx:hr>
          </gpxtpx:TrackPointExtension>
        </extensions>
      </trkpt>
      <trkpt lat="30.493954284841273" lon="114.4138442755147">
        <ele>-97.0</ele>
        <time>2026-09-18T01:12:18Z</time>
        <extensions>
          <gpxtpx:TrackPointExtension>
            <gpxtpx:hr>113</gpxtpx:hr>
          </gpxtpx:TrackPointExtension>
        </extensions>
      </trkpt>
      <trkpt lat="30.493944337328287" lon="114.41390936331351">
        <ele>-97.0</ele>
        <time>2026-09-18T01:12:21Z</time>
        <extensions>
          <gpxtpx:TrackPointExtension>
            <gpxtpx:hr>113</gpxtpx:hr>
          </gpxtpx:TrackPointExtension>
        </extensions>
      </trkpt>
      <trkpt lat="30.493935387415124" lon="114.4139714472121">
        <ele>-97.0</ele>
        <time>2026-09-18T01:12:24Z</time>
        <extensions>
          <gpxtpx:TrackPointExtension>
            <gpxtpx:hr>113</gpxtpx:hr>
          </gpxtpx:TrackPointExtension>
        </extensions>
      </trkpt>
      <trkpt lat="30.49387973140842" lon="114.41439402296531">
        <ele>-96.0</ele>
        <time>2026-09-18T01:12:45Z</time>
        <extensions>
          <gpxtpx:TrackPointExtension>
            <gpxtpx:hr>111</gpxtpx:hr>
          </gpxtpx:TrackPointExtension>
        </extensions>
      </trkpt>
      <trkpt lat="30.493870839790166" lon="114.41452820690382">
        <ele>-96.0</ele>
        <time>2026-09-18T01:12:51Z</time>
        <extensions>
          <gpxtpx:TrackPointExtension>
            <gpxtpx:hr>111</gpxtpx:hr>
          </gpxtpx:TrackPointExtension>
        </extensions>
      </trkpt>
      <trkpt lat="30.49385400407894" lon="114.41472848343582">
        <ele>-96.0</ele>
        <time>2026-09-18T01:12:58Z</time>
        <extensions>
          <gpxtpx:TrackPointExtension>
            <gpxtpx:hr>114</gpxtpx:hr>
          </gpxtpx:TrackPointExtension>
        </extensions>
      </trkpt>
      <trkpt lat="30.493847058283194" lon="114.41479357387189">
        <ele>-96.0</ele>
        <time>2026-09-18T01:13:01Z</time>
        <extensions>
          <gpxtpx:TrackPointExtension>
            <gpxtpx:hr>113</gpxtpx:hr>
          </gpxtpx:TrackPointExtension>
        </extensions>
      </trkpt>
      <trkpt lat="30.493840111869808" lon="114.41485766313431">
        <ele>-96.0</ele>
        <time>2026-09-18T01:13:04Z</time>
        <extensions>
          <gpxtpx:TrackPointExtension>
            <gpxtpx:hr>112</gpxtpx:hr>
          </gpxtpx:TrackPointExtension>
        </extensions>
      </trkpt>
      <trkpt lat="30.493831166214637" lon="114.41492175277762">
        <ele>-96.0</ele>
        <time>2026-09-18T01:13:07Z</time>
        <extensions>
          <gpxtpx:TrackPointExtension>
            <gpxtpx:hr>109</gpxtpx:hr>
          </gpxtpx:TrackPointExtension>
        </extensions>
      </trkpt>
      <trkpt lat="30.493822219930255" lon="114.4149848412343">
        <ele>-96.0</ele>
        <time>2026-09-18T01:13:10Z</time>
        <extensions>
          <gpxtpx:TrackPointExtension>
            <gpxtpx:hr>110</gpxtpx:hr>
          </gpxtpx:TrackPointExtension>
        </extensions>
      </trkpt>
      <trkpt lat="30.493812274111132" lon="114.41504792997829">
        <ele>-96.0</ele>
        <time>2026-09-18T01:13:13Z</time>
        <extensions>
          <gpxtpx:TrackPointExtension>
            <gpxtpx:hr>113</gpxtpx:hr>
          </gpxtpx:TrackPointExtension>
        </extensions>
      </trkpt>
      <trkpt lat="30.49380332818294" lon="114.41511101883533">
        <ele>-96.0</ele>
        <time>2026-09-18T01:13:16Z</time>
        <extensions>
          <gpxtpx:TrackPointExtension>
            <gpxtpx:hr>111</gpxtpx:hr>
          </gpxtpx:TrackPointExtension>
        </extensions>
      </trkpt>
      <trkpt lat="30.493796382680088" lon="114.41517510912112">
        <ele>-96.0</ele>
        <time>2026-09-18T01:13:19Z</time>
        <extensions>
          <gpxtpx:TrackPointExtension>
            <gpxtpx:hr>111</gpxtpx:hr>
          </gpxtpx:TrackPointExtension>
        </extensions>
      </trkpt>
      <trkpt lat="30.493790437898333" lon="114.41524020093239">
        <ele>-96.0</ele>
        <time>2026-09-18T01:13:22Z</time>
        <extensions>
          <gpxtpx:TrackPointExtension>
            <gpxtpx:hr>109</gpxtpx:hr>
          </gpxtpx:TrackPointExtension>
        </extensions>
      </trkpt>
      <trkpt lat="30.49378549053707" lon="114.41530228864173">
        <ele>-96.0</ele>
        <time>2026-09-18T01:13:25Z</time>
        <extensions>
          <gpxtpx:TrackPointExtension>
            <gpxtpx:hr>111</gpxtpx:hr>
          </gpxtpx:TrackPointExtension>
        </extensions>
      </trkpt>
      <trkpt lat="30.493780542518248" lon="114.41536337513253">
        <ele>-96.0</ele>
        <time>2026-09-18T01:13:28Z</time>
        <extensions>
          <gpxtpx:TrackPointExtension>
            <gpxtpx:hr>109</gpxtpx:hr>
          </gpxtpx:TrackPointExtension>
        </extensions>
      </trkpt>
      <trkpt lat="30.49377559133581" lon="114.41542045614987">
        <ele>-95.0</ele>
        <time>2026-09-18T01:13:31Z</time>
        <extensions>
          <gpxtpx:TrackPointExtension>
            <gpxtpx:hr>111</gpxtpx:hr>
          </gpxtpx:TrackPointExtension>
        </extensions>
      </trkpt>
      <trkpt lat="30.49375277039428" lon="114.41562675074384">
        <ele>-95.0</ele>
        <time>2026-09-18T01:13:38Z</time>
        <extensions>
          <gpxtpx:TrackPointExtension>
            <gpxtpx:hr>110</gpxtpx:hr>
          </gpxtpx:TrackPointExtension>
        </extensions>
      </trkpt>
      <trkpt lat="30.493745811173188" lon="114.41567281698131">
        <ele>-95.0</ele>
        <time>2026-09-18T01:13:41Z</time>
        <extensions>
          <gpxtpx:TrackPointExtension>
            <gpxtpx:hr>111</gpxtpx:hr>
          </gpxtpx:TrackPointExtension>
        </extensions>
      </trkpt>
      <trkpt lat="30.493740853164674" lon="114.4157208860116">
        <ele>-95.0</ele>
        <time>2026-09-18T01:13:44Z</time>
        <extensions>
          <gpxtpx:TrackPointExtension>
            <gpxtpx:hr>111</gpxtpx:hr>
          </gpxtpx:TrackPointExtension>
        </extensions>
      </trkpt>
      <trkpt lat="30.493737895533453" lon="114.41576995641647">
        <ele>-95.0</ele>
        <time>2026-09-18T01:13:47Z</time>
        <extensions>
          <gpxtpx:TrackPointExtension>
            <gpxtpx:hr>111</gpxtpx:hr>
          </gpxtpx:TrackPointExtension>
        </extensions>
      </trkpt>
      <trkpt lat="30.49373693913657" lon="114.41582102963856">
        <ele>-95.0</ele>
        <time>2026-09-18T01:13:50Z</time>
        <extensions>
          <gpxtpx:TrackPointExtension>
            <gpxtpx:hr>112</gpxtpx:hr>
          </gpxtpx:TrackPointExtension>
        </extensions>
      </trkpt>
      <trkpt lat="30.493736985127686" lon="114.4158751072184">
        <ele>-95.0</ele>
        <time>2026-09-18T01:13:53Z</time>
        <extensions>
          <gpxtpx:TrackPointExtension>
            <gpxtpx:hr>111</gpxtpx:hr>
          </gpxtpx:TrackPointExtension>
        </extensions>
      </trkpt>
      <trkpt lat="30.493731035538033" lon="114.41593218979004">
        <ele>-95.0</ele>
        <time>2026-09-18T01:13:56Z</time>
        <extensions>
          <gpxtpx:TrackPointExtension>
            <gpxtpx:hr>111</gpxtpx:hr>
          </gpxtpx:TrackPointExtension>
        </extensions>
      </trkpt>
      <trkpt lat="30.493718087245316" lon="114.41598827169113">
        <ele>-95.0</ele>
        <time>2026-09-18T01:13:59Z</time>
        <extensions>
          <gpxtpx:TrackPointExtension>
            <gpxtpx:hr>111</gpxtpx:hr>
          </gpxtpx:TrackPointExtension>
        </extensions>
      </trkpt>
      <trkpt lat="30.493697139668352" lon="114.41604235155381">
        <ele>-95.0</ele>
        <time>2026-09-18T01:14:02Z</time>
        <extensions>
          <gpxtpx:TrackPointExtension>
            <gpxtpx:hr>111</gpxtpx:hr>
          </gpxtpx:TrackPointExtension>
        </extensions>
      </trkpt>
      <trkpt lat="30.493669204587434" lon="114.41610844956624">
        <ele>-95.0</ele>
        <time>2026-09-18T01:14:05Z</time>
        <extensions>
          <gpxtpx:TrackPointExtension>
            <gpxtpx:hr>109</gpxtpx:hr>
          </gpxtpx:TrackPointExtension>
        </extensions>
      </trkpt>
      <trkpt lat="30.493643272592422" lon="114.41617855343634">
        <ele>-95.0</ele>
        <time>2026-09-18T01:14:08Z</time>
        <extensions>
          <gpxtpx:TrackPointExtension>
            <gpxtpx:hr>110</gpxtpx:hr>
          </gpxtpx:TrackPointExtension>
        </extensions>
      </trkpt>
      <trkpt lat="30.49362134401696" lon="114.41625366448915">
        <ele>-95.0</ele>
        <time>2026-09-18T01:14:11Z</time>
        <extensions>
          <gpxtpx:TrackPointExtension>
            <gpxtpx:hr>112</gpxtpx:hr>
          </gpxtpx:TrackPointExtension>
        </extensions>
      </trkpt>
      <trkpt lat="30.49360441513143" lon="114.4163297768503">
        <ele>-95.0</ele>
        <time>2026-09-18T01:14:17Z</time>
        <extensions>
          <gpxtpx:TrackPointExtension>
            <gpxtpx:hr>111</gpxtpx:hr>
          </gpxtpx:TrackPointExtension>
        </extensions>
      </trkpt>
      <trkpt lat="30.493596475157762" lon="114.4163958740738">
        <ele>-95.0</ele>
        <time>2026-09-18T01:14:20Z</time>
        <extensions>
          <gpxtpx:TrackPointExtension>
            <gpxtpx:hr>113</gpxtpx:hr>
          </gpxtpx:TrackPointExtension>
        </extensions>
      </trkpt>
      <trkpt lat="30.49359752576498" lon="114.41645395899414">
        <ele>-95.0</ele>
        <time>2026-09-18T01:14:27Z</time>
        <extensions>
          <gpxtpx:TrackPointExtension>
            <gpxtpx:hr>111</gpxtpx:hr>
          </gpxtpx:TrackPointExtension>
        </extensions>
      </trkpt>
      <trkpt lat="30.493614566644258" lon="114.41650603387112">
        <ele>-95.0</ele>
        <time>2026-09-18T01:14:30Z</time>
        <extensions>
          <gpxtpx:TrackPointExtension>
            <gpxtpx:hr>111</gpxtpx:hr>
          </gpxtpx:TrackPointExtension>
        </extensions>
      </trkpt>
      <trkpt lat="30.493646590093157" lon="114.41654308549846">
        <ele>-95.0</ele>
        <time>2026-09-18T01:14:36Z</time>
        <extensions>
          <gpxtpx:TrackPointExtension>
            <gpxtpx:hr>111</gpxtpx:hr>
          </gpxtpx:TrackPointExtension>
        </extensions>
      </trkpt>
      <trkpt lat="30.493670610592616" lon="114.4165741290516">
        <ele>-95.0</ele>
        <time>2026-09-18T01:14:39Z</time>
        <extensions>
          <gpxtpx:TrackPointExtension>
            <gpxtpx:hr>111</gpxtpx:hr>
          </gpxtpx:TrackPointExtension>
        </extensions>
      </trkpt>
      <trkpt lat="30.49368562752002" lon="114.41659816311514">
        <ele>-95.0</ele>
        <time>2026-09-18T01:14:42Z</time>
        <extensions>
          <gpxtpx:TrackPointExtension>
            <gpxtpx:hr>109</gpxtpx:hr>
          </gpxtpx:TrackPointExtension>
        </extensions>
      </trkpt>
      <trkpt lat="30.493693641165173" lon="114.41661618896481">
        <ele>-95.0</ele>
        <time>2026-09-18T01:14:48Z</time>
        <extensions>
          <gpxtpx:TrackPointExtension>
            <gpxtpx:hr>107</gpxtpx:hr>
          </gpxtpx:TrackPointExtension>
        </extensions>
      </trkpt>
      <trkpt lat="30.493697666618154" lon="114.41664623289658">
        <ele>-95.0</ele>
        <time>2026-09-18T01:14:51Z</time>
        <extensions>
          <gpxtpx:TrackPointExtension>
            <gpxtpx:hr>105</gpxtpx:hr>
          </gpxtpx:TrackPointExtension>
        </extensions>
      </trkpt>
      <trkpt lat="30.49370070306623" lon="114.41668829470343">
        <ele>-95.0</ele>
        <time>2026-09-18T01:14:54Z</time>
        <extensions>
          <gpxtpx:TrackPointExtension>
            <gpxtpx:hr>107</gpxtpx:hr>
          </gpxtpx:TrackPointExtension>
        </extensions>
      </trkpt>
      <trkpt lat="30.493697752012192" lon="114.41674237489677">
        <ele>-94.0</ele>
        <time>2026-09-18T01:14:57Z</time>
        <extensions>
          <gpxtpx:TrackPointExtension>
            <gpxtpx:hr>109</gpxtpx:hr>
          </gpxtpx:TrackPointExtension>
        </extensions>
      </trkpt>
      <trkpt lat="30.49368880817601" lon="114.41680246466574">
        <ele>-94.0</ele>
        <time>2026-09-18T01:15:00Z</time>
        <extensions>
          <gpxtpx:TrackPointExtension>
            <gpxtpx:hr>109</gpxtpx:hr>
          </gpxtpx:TrackPointExtension>
        </extensions>
      </trkpt>
      <trkpt lat="30.49368486934599" lon="114.41686956459466">
        <ele>-94.0</ele>
        <time>2026-09-18T01:15:03Z</time>
        <extensions>
          <gpxtpx:TrackPointExtension>
            <gpxtpx:hr>111</gpxtpx:hr>
          </gpxtpx:TrackPointExtension>
        </extensions>
      </trkpt>
      <trkpt lat="30.493724092972652" lon="114.41712994976575">
        <ele>-94.0</ele>
        <time>2026-09-18T01:15:10Z</time>
        <extensions>
          <gpxtpx:TrackPointExtension>
            <gpxtpx:hr>108</gpxtpx:hr>
          </gpxtpx:TrackPointExtension>
        </extensions>
      </trkpt>
      <trkpt lat="30.493746175037213" lon="114.41722709368477">
        <ele>-94.0</ele>
        <time>2026-09-18T01:15:13Z</time>
        <extensions>
          <gpxtpx:TrackPointExtension>
            <gpxtpx:hr>107</gpxtpx:hr>
          </gpxtpx:TrackPointExtension>
        </extensions>
      </trkpt>
      <trkpt lat="30.49376226107951" lon="114.41732624162002">
        <ele>-94.0</ele>
        <time>2026-09-18T01:15:16Z</time>
        <extensions>
          <gpxtpx:TrackPointExtension>
            <gpxtpx:hr>109</gpxtpx:hr>
          </gpxtpx:TrackPointExtension>
        </extensions>
      </trkpt>
      <trkpt lat="30.49377434962982" lon="114.4174263919111">
        <ele>-94.0</ele>
        <time>2026-09-18T01:15:19Z</time>
        <extensions>
          <gpxtpx:TrackPointExtension>
            <gpxtpx:hr>113</gpxtpx:hr>
          </gpxtpx:TrackPointExtension>
        </extensions>
      </trkpt>
      <trkpt lat="30.49375842721552" lon="114.41750551321421">
        <ele>-94.0</ele>
        <time>2026-09-18T01:15:22Z</time>
        <extensions>
          <gpxtpx:TrackPointExtension>
            <gpxtpx:hr>113</gpxtpx:hr>
          </gpxtpx:TrackPointExtension>
        </extensions>
      </trkpt>
      <trkpt lat="30.493750510218252" lon="114.41759264632557">
        <ele>-94.0</ele>
        <time>2026-09-18T01:15:25Z</time>
        <extensions>
          <gpxtpx:TrackPointExtension>
            <gpxtpx:hr>111</gpxtpx:hr>
          </gpxtpx:TrackPointExtension>
        </extensions>
      </trkpt>
      <trkpt lat="30.493733584010858" lon="114.41766676073301">
        <ele>-94.0</ele>
        <time>2026-09-18T01:15:28Z</time>
        <extensions>
          <gpxtpx:TrackPointExtension>
            <gpxtpx:hr>111</gpxtpx:hr>
          </gpxtpx:TrackPointExtension>
        </extensions>
      </trkpt>
      <trkpt lat="30.49370764846406" lon="114.41772785629179">
        <ele>-94.0</ele>
        <time>2026-09-18T01:15:31Z</time>
        <extensions>
          <gpxtpx:TrackPointExtension>
            <gpxtpx:hr>111</gpxtpx:hr>
          </gpxtpx:TrackPointExtension>
        </extensions>
      </trkpt>
      <trkpt lat="30.493678702686733" lon="114.41777693389363">
        <ele>-93.0</ele>
        <time>2026-09-18T01:15:34Z</time>
        <extensions>
          <gpxtpx:TrackPointExtension>
            <gpxtpx:hr>111</gpxtpx:hr>
          </gpxtpx:TrackPointExtension>
        </extensions>
      </trkpt>
      <trkpt lat="30.493649745738978" lon="114.41781399318897">
        <ele>-93.0</ele>
        <time>2026-09-18T01:15:37Z</time>
        <extensions>
          <gpxtpx:TrackPointExtension>
            <gpxtpx:hr>109</gpxtpx:hr>
          </gpxtpx:TrackPointExtension>
        </extensions>
      </trkpt>
      <trkpt lat="30.493623776700513" lon="114.41783903384986">
        <ele>-93.0</ele>
        <time>2026-09-18T01:15:40Z</time>
        <extensions>
          <gpxtpx:TrackPointExtension>
            <gpxtpx:hr>109</gpxtpx:hr>
          </gpxtpx:TrackPointExtension>
        </extensions>
      </trkpt>
      <trkpt lat="30.493575815884938" lon="114.41786607953306">
        <ele>-93.0</ele>
        <time>2026-09-18T01:15:43Z</time>
        <extensions>
          <gpxtpx:TrackPointExtension>
            <gpxtpx:hr>111</gpxtpx:hr>
          </gpxtpx:TrackPointExtension>
        </extensions>
      </trkpt>
      <trkpt lat="30.493569817606375" lon="114.41786608005545">
        <ele>-93.0</ele>
        <time>2026-09-18T01:15:46Z</time>
        <extensions>
          <gpxtpx:TrackPointExtension>
            <gpxtpx:hr>111</gpxtpx:hr>
          </gpxtpx:TrackPointExtension>
        </extensions>
      </trkpt>
    </trkseg>
  </trk>
</gpx>